record_id,student_id,student_full_name,gender,date_of_birth,admission_date,grade_level,class_stream,school_id,school_name,school_type,school_subcounty,school_county,school_region,school_country,student_subcounty,student_county,student_region,student_country,teacher_id,teacher_name,teacher_gender,teacher_subject_specialty,teacher_subcounty,teacher_county,teacher_region,teacher_country,subject_id,subject_name,term,academic_year,assessment_type,score,attendance_rate_pct,fee_balance_kes,scholarship_status,learning_mode,student_age corrected
EDU-0002,STU-1002,Phyllis Wambui Mohamed,F,"Wednesday, 14 April 2010","Sunday, 23 July 2023",8,Grade 8A,SCH002,Ambakasi Hope Junior,Public,Embakasi East,Nairobi,Nairobi,Kenya,Kisauni,Mombasa,Coast,Kenya,T002,BRIAN KIPTOO,M,English,Ruiru,Kiambu,Central,Kenya,SUB002,English,Term 1,FY2026,Cat 1,87,0.69,0,No,Hybrid,13
EDU-0003,STU-1003,Hellen Mwikali Nyaga,F,"Tuesday, 22 October 2013","Sunday, 9 April 2023",8,Grade 9B,SCH003,Langata Plains School,Private,Langata,Nairobi,Nairobi,Kenya,Lurambi,Kakamega,Western,Kenya,T003,esther naliaka,F,Kiswahili,Kisumu East,Kisumu,Nyanza,Kenya,SUB003,Kiswahili,Term 1,FY2026,Cat 2,63,0.89,7500,No,Hybrid,9
EDU-0004,STU-1004,Caroline Mburu Lagat,F,"Saturday, 19 June 2010","Monday, 13 November 2023",9,Grade 9B,SCH004,Ruiru Sunrise School,Public,Ruiru,Kiambu,Central,Kenya,Westlands,Nairobi,Nairobi,Kenya,T004,peter mwangi,F,Biology,Thika Town,Kiambu,Central,Kenya,SUB004,Biology,Term 1,FY2026,Cat 2,69,0.73,5000,No,Boarding,13
EDU-0008,STU-1008,Esther Nyanchama Simiyu,F,"Tuesday, 9 August 2011","Friday, 2 September 2022",9,Grade 8B,SCH008,Kisumu Lakeview School,Public,Kisumu East,Kisumu,Nyanza,Kenya,Embakasi East,Nairobi,Nairobi,Kenya,T002,BRIAN KIPTOO,M,English,Ruiru,Kiambu,Central,Kenya,SUB002,English,Term 1,FY2026,Cat 1,37,0.86,15000,No,Boarding,11
EDU-0009,STU-1009,Nelly Mbugua Kiprono,F,"Thursday, 28 October 2010","Tuesday, 18 June 2024",8,Grade 9A,SCH009,Eldoret Valley Academy,Private,Eldoret East,Uasin Gishu,Rift Valley,Kenya,Thika Town,Kiambu,Central,Kenya,T003,esther naliaka,F,Kiswahili,Kisumu East,Kisumu,Nyanza,Kenya,SUB003,Kiswahili,Term 1,FY2026,Cat 1,23,0.69,7500,No,Hybrid,14
EDU-0011,STU-1011,Sharon Wafula Duale,F,"Tuesday, 9 September 2014","Saturday, 30 April 2022",8,Grade 7A,SCH011,Athi River Stem School,Private,Athi River,Machakos,Eastern,Kenya,Athi River,Machakos,Eastern,Kenya,T005,fatuma ali,F,Comp/Studies,Mvita,Mombasa,Coast,Kenya,SUB005,Comp/Studies,Term 1,FY2026,Mid Term,38,0.8,0,No,Boarding,8
EDU-0013,STU-1013,Ann Ochieng Oduor,F,"Tuesday, 24 July 2012","Wednesday, 7 August 2024",7,Grade 8A,SCH001,Garden Court Academy,Private,Westlands,Nairobi,Nairobi,Kenya,Thika Town,Kiambu,Central,Kenya,T001,AMINA WANJIRU,F,Mathematics,Westlands,Nairobi,Nairobi,Kenya,SUB001,Mathematics,Term 1,FY2026,Practical,61,0.98,0,No,Day,12
EDU-0016,STU-1016,Martin Kiplagat Simiyu,F,"Sunday, 24 May 2015","Tuesday, 21 June 2022",9,Grade 7A,SCH004,Ruiru Sunrise School,Public,Ruiru,Kiambu,Central,Kenya,Langata,Nairobi,Nairobi,Kenya,T004,peter mwangi,M,Biology,Thika Town,Kiambu,Central,Kenya,SUB004,Biology,Term 1,FY2026,End Term,31,0.67,0,No,Boarding,7
EDU-0021,STU-1021,Stephen Cherono Lagat,F,"Monday, 15 April 2013","Wednesday, 2 October 2024",8,Grade 7A,SCH009,Eldoret Valley Academy,Private,Eldoret East,Uasin Gishu,Rift Valley,Kenya,Kisauni,Mombasa,Coast,Kenya,T003,esther naliaka,F,Kiswahili,Kisumu East,Kisumu,Nyanza,Kenya,SUB003,Kiswahili,Term 1,FY2026,Practical,79,0.93,2500,No,Day,11
EDU-0022,STU-1022,Evans Wekesa Nyaga,F,"Thursday, 7 May 2015","Tuesday, 4 April 2023",9,Grade 8A,SCH010,Lurambi Green School,Public,Lurambi,Kakamega,Western,Kenya,Lurambi,Kakamega,Western,Kenya,T004,peter mwangi,M,Biology,Thika Town,Kiambu,Central,Kenya,SUB004,Biology,Term 1,FY2026,Project,91,0.9,7500,No,Boarding,8
EDU-0023,STU-1023,Daisy Achieng Kamau,F,"Friday, 9 May 2014","Wednesday, 22 June 2022",9,Grade 9B,SCH011,Athi River Stem School,Private,Athi River,Machakos,Eastern,Kenya,Westlands,Nairobi,Nairobi,Kenya,T005,fatuma ali,F,Comp/Studies,Mvita,Mombasa,Coast,Kenya,SUB005,Comp/Studies,Term 1,FY2026,Mid Term,86,0.8,1200,No,Hybrid,8
EDU-0024,STU-1024,Evans Nekesa Oduor,F,"Friday, 23 April 2010","Tuesday, 5 December 2023",7,Grade 7A,SCH012,Naivasha Bright School,Public,Naivasha,Nakuru,Rift Valley,Kenya,Ruiru,Kiambu,Central,Kenya,T006,daniel otieno,M,B/Studies,Eldoret East,Uasin Gishu,Rift Valley,Kenya,SUB006,B/Studies,Term 1,FY2026,Project,64,0.82,2500,No,Hybrid,14
EDU-0026,STU-1026,Eric Langat Wekesa,F,"Tuesday, 10 December 2013","Wednesday, 7 June 2023",8,Grade 7B,SCH002,Ambakasi Hope Junior,Public,Embakasi East,Nairobi,Nairobi,Kenya,Lurambi,Kakamega,Western,Kenya,T002,BRIAN KIPTOO,M,English,Ruiru,Kiambu,Central,Kenya,SUB002,English,Term 1,FY2026,Mid Term,50,0.92,1200,No,Boarding,9
EDU-0031,STU-1031,Allan Nekesa Wambua,F,"Tuesday, 5 August 2014","Wednesday, 29 November 2023",9,Grade 8A,SCH007,Kisauni Future School,Private,Kisauni,Mombasa,Coast,Kenya,Embakasi East,Nairobi,Nairobi,Kenya,T001,AMINA WANJIRU,F,Mathematics,Westlands,Nairobi,Nairobi,Kenya,SUB001,Mathematics,Term 1,FY2026,End Term,84,0.8,1200,No,Hybrid,9
EDU-0042,STU-1042,Omar Wambui Duale,F,"Friday, 27 September 2013","Friday, 9 September 2022",7,Grade 8B,SCH006,Mvita Coast School,Public,Mvita,Mombasa,Coast,Kenya,Westlands,Nairobi,Nairobi,Kenya,T006,daniel otieno,M,B/Studies,Eldoret East,Uasin Gishu,Rift Valley,Kenya,SUB006,B/Studies,Term 1,FY2026,Mid Term,71,0.89,1200,No,Boarding,9
EDU-0044,STU-1044,Martin Omondi Korir,F,"Wednesday, 13 June 2012","Friday, 21 January 2022",7,Grade 9A,SCH008,Kisumu Lakeview School,Public,Kisumu East,Kisumu,Nyanza,Kenya,Kisauni,Mombasa,Coast,Kenya,T002,BRIAN KIPTOO,M,English,Ruiru,Kiambu,Central,Kenya,SUB002,English,Term 1,FY2026,End Term,72,0.81,7500,No,Day,10
EDU-0045,STU-1045,Zainab Omondi Njeri,F,"Tuesday, 1 April 2014","Thursday, 22 September 2022",9,Grade 8B,SCH009,Eldoret Valley Academy,Private,Eldoret East,Uasin Gishu,Rift Valley,Kenya,Lurambi,Kakamega,Western,Kenya,T003,esther naliaka,F,Kiswahili,Kisumu East,Kisumu,Nyanza,Kenya,SUB003,Kiswahili,Term 1,FY2026,Cat 1,68,0.95,15000,No,Boarding,8
EDU-0046,STU-1046,Felix Kariuki Musyoka,F,"Thursday, 2 October 2014","Thursday, 25 January 2024",7,Grade 7B,SCH010,Lurambi Green School,Public,Lurambi,Kakamega,Western,Kenya,Westlands,Nairobi,Nairobi,Kenya,T004,peter mwangi,M,Biology,Thika Town,Kiambu,Central,Kenya,SUB004,Biology,Term 1,FY2026,Cat 1,87,0.8,10000,No,Day,9
EDU-0050,STU-1050,Lucy Makena Muli,F,"Monday, 25 June 2012","Wednesday, 10 April 2024",8,Grade 9B,SCH002,Ambakasi Hope Junior,Public,Embakasi East,Nairobi,Nairobi,Kenya,Embakasi East,Nairobi,Nairobi,Kenya,T002,BRIAN KIPTOO,M,English,Ruiru,Kiambu,Central,Kenya,SUB002,English,Term 1,FY2026,Mid Term,38,0.89,0,No,Boarding,12
EDU-0055,STU-1055,Samuel Kariuki Korir,F,"Saturday, 14 September 2013","Wednesday, 23 February 2022",9,Grade 9A,SCH007,Kisauni Future School,Private,Kisauni,Mombasa,Coast,Kenya,Thika Town,Kiambu,Central,Kenya,T001,AMINA WANJIRU,F,Mathematics,Westlands,Nairobi,Nairobi,Kenya,SUB001,Mathematics,Term 1,FY2026,Practical,87,0.81,0,No,Day,8
EDU-0059,STU-1059,Anthony Auma Ochieng,F,"Friday, 26 March 2010","Friday, 25 March 2022",9,Grade 9A,SCH011,Athi River Stem School,Private,Athi River,Machakos,Eastern,Kenya,Mvita,Mombasa,Coast,Kenya,T005,fatuma ali,F,Comp/Studies,Mvita,Mombasa,Coast,Kenya,SUB005,Comp/Studies,Term 1,FY2026,Practical,62,0.82,7500,No,Day,12
EDU-0061,STU-1061,Moureen Njoroge Njoroge,F,"Thursday, 1 November 2012","Monday, 8 May 2023",7,Grade 8A,SCH001,Garden Court Academy,Private,Westlands,Nairobi,Nairobi,Kenya,Naivasha,Nakuru,Rift Valley,Kenya,T001,AMINA WANJIRU,F,Mathematics,Westlands,Nairobi,Nairobi,Kenya,SUB001,Mathematics,Term 1,FY2026,Cat 1,68,0.88,1200,No,Boarding,11
EDU-0069,STU-1069,Trixie Nyambura Maalim,F,"Wednesday, 29 June 2011","Wednesday, 26 October 2022",8,Grade 9A,SCH009,Eldoret Valley Academy,Private,Eldoret East,Uasin Gishu,Rift Valley,Kenya,Westlands,Nairobi,Nairobi,Kenya,T003,esther naliaka,F,Kiswahili,Kisumu East,Kisumu,Nyanza,Kenya,SUB003,Kiswahili,Term 1,FY2026,Cat 2,30,0.8,1200,No,Day,11
EDU-0070,STU-1070,Moureen Ochieng Wekesa,F,"Friday, 21 January 2011","Sunday, 17 March 2024",8,Grade 7A,SCH010,Lurambi Green School,Public,Lurambi,Kakamega,Western,Kenya,Thika Town,Kiambu,Central,Kenya,T004,peter mwangi,M,Biology,Thika Town,Kiambu,Central,Kenya,SUB004,Biology,Term 1,FY2026,Project,63,0.84,1200,No,Hybrid,13
EDU-0071,STU-1071,David Njoroge Bwire,F,"Wednesday, 4 June 2014","Tuesday, 6 June 2023",7,Grade 8A,SCH011,Athi River Stem School,Private,Athi River,Machakos,Eastern,Kenya,Kisumu East,Kisumu,Nyanza,Kenya,T005,fatuma ali,F,Comp/Studies,Mvita,Mombasa,Coast,Kenya,SUB005,Comp/Studies,Term 1,FY2026,Project,72,0.69,2500,No,Boarding,9
EDU-0072,STU-1072,Winnie Njoki Achieng,F,"Friday, 19 December 2014","Monday, 10 April 2023",8,Grade 7B,SCH012,Naivasha Bright School,Public,Naivasha,Nakuru,Rift Valley,Kenya,Athi River,Machakos,Eastern,Kenya,T006,daniel otieno,M,B/Studies,Eldoret East,Uasin Gishu,Rift Valley,Kenya,SUB006,B/Studies,Term 1,FY2026,Cat 1,26,0.91,15000,No,Hybrid,8
EDU-0074,STU-1074,Peter Odhiambo Kariuki,F,"Thursday, 16 September 2010","Monday, 6 March 2023",9,Grade 7B,SCH002,Ambakasi Hope Junior,Public,Embakasi East,Nairobi,Nairobi,Kenya,Thika Town,Kiambu,Central,Kenya,T002,BRIAN KIPTOO,M,English,Ruiru,Kiambu,Central,Kenya,SUB002,English,Term 1,FY2026,Cat 1,106,0.66,1200,No,Boarding,12
EDU-0078,STU-1078,Ruth Naliaka Awino,F,"Monday, 21 October 2013","Saturday, 28 May 2022",9,Grade 7A,SCH006,Mvita Coast School,Public,Mvita,Mombasa,Coast,Kenya,Mvita,Mombasa,Coast,Kenya,T006,daniel otieno,M,B/Studies,Eldoret East,Uasin Gishu,Rift Valley,Kenya,SUB006,B/Studies,Term 1,FY2026,Project,47,0.57,5000,No,Day,9
EDU-0080,STU-1080,Kevin Kiptoo Kimutai,F,"Thursday, 3 September 2015","Monday, 28 November 2022",8,Grade 9A,SCH008,Kisumu Lakeview School,Public,Kisumu East,Kisumu,Nyanza,Kenya,Naivasha,Nakuru,Rift Valley,Kenya,T002,BRIAN KIPTOO,M,English,Ruiru,Kiambu,Central,Kenya,SUB002,English,Term 1,FY2026,End Term,49,0.83,5000,No,Boarding,7
EDU-0082,STU-1082,Kevin Wekesa Mogere,F,"Monday, 30 June 2014","Wednesday, 15 June 2022",9,Grade 9B,SCH010,Lurambi Green School,Public,Lurambi,Kakamega,Western,Kenya,Mvita,Mombasa,Coast,Kenya,T004,peter mwangi,M,Biology,Thika Town,Kiambu,Central,Kenya,SUB004,Biology,Term 1,FY2026,Mid Term,4,0.62,5000,No,Day,8
EDU-0086,STU-1086,Janet Mburu Kituku,F,"Sunday, 28 November 2010","Thursday, 15 June 2023",7,Grade 8A,SCH002,Ambakasi Hope Junior,Public,Embakasi East,Nairobi,Nairobi,Kenya,Kisauni,Mombasa,Coast,Kenya,T002,BRIAN KIPTOO,M,English,Ruiru,Kiambu,Central,Kenya,SUB002,English,Term 1,FY2026,Mid Term,32,0.8,15000,No,Day,13
EDU-0087,STU-1087,Brian Wanjiru Wario,F,"Sunday, 1 April 2012","Saturday, 10 September 2022",9,Grade 9B,SCH003,Langata Plains School,Private,Langata,Nairobi,Nairobi,Kenya,Lurambi,Kakamega,Western,Kenya,T003,esther naliaka,F,Kiswahili,Kisumu East,Kisumu,Nyanza,Kenya,SUB003,Kiswahili,Term 1,FY2026,Mid Term,56,0.95,0,No,Boarding,10
EDU-0091,STU-1091,Susan Kilonzo Waweru,F,"Thursday, 10 June 2010","Tuesday, 19 March 2024",8,Grade 9A,SCH007,Kisauni Future School,Private,Kisauni,Mombasa,Coast,Kenya,Athi River,Machakos,Eastern,Kenya,T001,AMINA WANJIRU,F,Mathematics,Westlands,Nairobi,Nairobi,Kenya,SUB001,Mathematics,Term 1,FY2026,Project,30,0.94,5000,No,Boarding,14
EDU-0097,STU-1097,Lians Wafula Simiyu,F,"Tuesday, 26 November 2013","Sunday, 4 June 2023",9,Grade 8B,SCH001,Garden Court Academy,Private,Westlands,Nairobi,Nairobi,Kenya,Thika Town,Nairobi,Central,Kenya,T001,AMINA WANJIRU,F,Mathematics,Westlands,Nairobi,Nairobi,Kenya,SUB001,Mathematics,Term 1,FY2026,Cat 1,43,0.85,1200,No,Hybrid,10
EDU-0098,STU-1098,Clinton Cherono Chebet,F,"Friday, 12 December 2014","Monday, 27 June 2022",9,Grade 8B,SCH002,Ambakasi Hope Junior,Public,Embakasi East,Nairobi,Nairobi,Kenya,Eldoret East,Uasin Gishu,Rift Valley,Kenya,T002,BRIAN KIPTOO,M,English,Ruiru,Kiambu,Central,Kenya,SUB002,English,Term 1,FY2026,Mid Term,26,0.69,2500,No,Day,8
EDU-0101,STU-1101,Eric Kariuki Koech,F,"Tuesday, 21 December 2010","Wednesday, 20 April 2022",8,Grade 8B,SCH005,Thika Digital Academy,Private,Thika Town,Kiambu,Central,Kenya,Mvita,Mombasa,Coast,Kenya,T005,fatuma ali,F,Comp/Studies,Mvita,Kiambu,Coast,Kenya,SUB005,Comp/Studies,Term 1,FY2026,Mid Term,53,1,1200,No,Boarding,11
EDU-0103,STU-1103,Patrick Odhiambo Musyoka,F,"Friday, 18 June 2010","Thursday, 17 November 2022",7,Grade 7A,SCH007,Kisauni Future School,Private,Kisauni,Mombasa,Coast,Kenya,Naivasha,Nakuru,Rift Valley,Kenya,T001,AMINA WANJIRU,F,Mathematics,Westlands,Nairobi,Nairobi,Kenya,SUB001,Mathematics,Term 1,FY2026,Cat 2,75,0.7,5000,No,Hybrid,12
EDU-0104,STU-1104,Christine Wanjala Njuguna,F,"Thursday, 4 August 2011","Saturday, 15 January 2022",9,Grade 7A,SCH008,Kisumu Lakeview School,Public,Kisumu East,Kisumu,Nyanza,Kenya,Langata,Nairobi,Nairobi,Kenya,T002,BRIAN KIPTOO,M,English,Ruiru,Kiambu,Central,Kenya,SUB002,English,Term 1,FY2026,Cat 2,77,0.57,7500,No,Day,10
EDU-0106,STU-1106,Stephen Langat Odhiambo,F,"Sunday, 17 June 2012","Wednesday, 14 December 2022",9,Grade 8A,SCH010,Lurambi Green School,Public,Lurambi,Kakamega,Western,Kenya,Lurambi,Kakamega,Western,Kenya,T004,peter mwangi,M,Biology,Thika Town,Kiambu,Central,Kenya,SUB004,Biology,Term 1,FY2026,Project,82,0.55,15000,No,Day,10
EDU-0107,STU-1107,Susan Auma Bett,F,"Friday, 4 July 2014","Tuesday, 30 May 2023",8,Grade 7A,SCH011,Athi River Stem School,Private,Athi River,Machakos,Eastern,Kenya,Westlands,Nairobi,Nairobi,Kenya,T005,fatuma ali,F,Comp/Studies,Mvita,Mombasa,Coast,Kenya,SUB005,Comp/Studies,Term 1,FY2026,Practical,45,0.82,2500,No,Hybrid,9
EDU-0108,STU-1108,Clinton Odhiambo Kiprono,F,"Tuesday, 30 October 2012","Thursday, 9 May 2024",9,Grade 7A,SCH012,Naivasha Bright School,Public,Naivasha,Nakuru,Rift Valley,Kenya,Ruiru,Kiambu,Central,Kenya,T006,daniel otieno,M,B/Studies,Eldoret East,Uasin Gishu,Rift Valley,Kenya,SUB006,B/Studies,Term 1,FY2026,Cat 2,41,0.7,7500,No,Boarding,12
EDU-0114,STU-1114,Brian Maina Koech,F,"Tuesday, 25 February 2014","Sunday, 27 August 2023",7,Grade 8A,SCH006,Mvita Coast School,Public,Mvita,Mombasa,Coast,Kenya,Athi River,Machakos,Eastern,Kenya,T006,daniel otieno,M,B/Studies,Eldoret East,Uasin Gishu,Rift Valley,Kenya,SUB006,B/Studies,Term 1,FY2026,Mid Term,29,0.72,15000,No,Hybrid,10
EDU-0118,STU-1118,Zainab Kilonzo Kiplimo,F,"Thursday, 19 March 2015","Monday, 17 July 2023",8,Grade 9B,SCH010,Lurambi Green School,Public,Lurambi,Kakamega,Western,Kenya,Athi River,Machakos,Eastern,Kenya,T004,peter mwangi,M,Biology,Thika Town,Kiambu,Central,Kenya,SUB004,Biology,Term 1,FY2026,Cat 1,74,0.93,15000,No,Hybrid,8
EDU-0119,STU-1119,Collins Wambui Njeri,F,"Thursday, 19 September 2013","Saturday, 7 September 2024",9,Grade 8A,SCH011,Athi River Stem School,Private,Athi River,Machakos,Eastern,Kenya,Langata,Nairobi,Nairobi,Kenya,T005,fatuma ali,F,Comp/Studies,Mvita,Mombasa,Coast,Kenya,SUB005,Comp/Studies,Term 1,FY2026,Practical,0,0.64,0,No,Boarding,11
EDU-0123,STU-1123,Isaac Kariuki Musyoka,F,"Monday, 31 May 2010","Tuesday, 20 August 2024",8,Grade 7A,SCH003,Langata Plains School,Private,Langata,Nairobi,Nairobi,Kenya,Langata,Nairobi,Nairobi,Kenya,T003,esther naliaka,F,Kiswahili,Kisumu East,Kisumu,Nyanza,Kenya,SUB003,Kiswahili,Term 1,FY2026,Project,4,0.59,15000,No,Hybrid,14
EDU-0124,STU-1124,Zainab Mbugua Kipsang,F,"Thursday, 19 March 2015","Friday, 19 April 2024",9,Grade 9B,SCH004,Ruiru Sunrise School,Public,Ruiru,Kiambu,Central,Kenya,Mvita,Mombasa,Coast,Kenya,T004,peter mwangi,M,Biology,Thika Town,Kiambu,Central,Kenya,SUB004,Biology,Term 1,FY2026,Cat 1,23,0.8,0,No,Boarding,9
EDU-0125,STU-1125,Mercy Wairimu Chege,F,"Monday, 28 May 2012","Sunday, 4 February 2024",8,Grade 8B,SCH005,Thika Digital Academy,Private,Thika Town,Kiambu,Central,Kenya,Eldoret East,Uasin Gishu,Rift Valley,Kenya,T005,fatuma ali,F,Comp/Studies,Mvita,Mombasa,Coast,Kenya,SUB005,Comp/Studies,Term 1,FY2026,Cat 1,95,0.86,1200,No,Boarding,12
EDU-0127,STU-1127,Doreen Ochieng Ali,F,"Saturday, 14 April 2012","Wednesday, 16 August 2023",9,Grade 9B,SCH007,Kisauni Future School,Private,Kisauni,Mombasa,Coast,Kenya,Ruiru,Kiambu,Central,Kenya,T001,AMINA WANJIRU,F,Mathematics,Westlands,Nairobi,Nairobi,Kenya,SUB001,Mathematics,Term 1,FY2026,Cat 1,23,0.64,15000,No,Boarding,11
EDU-0128,STU-1128,Moureen Adhiambo Chebet,F,"Saturday, 16 July 2011","Tuesday, 30 April 2024",8,Grade 8A,SCH008,Kisumu Lakeview School,Public,Kisumu East,Kisumu,Nyanza,Kenya,Kisauni,Mombasa,Coast,Kenya,T002,BRIAN KIPTOO,M,English,Ruiru,Kiambu,Central,Kenya,SUB002,English,Term 1,FY2026,Project,89,0.85,5000,No,Boarding,13
EDU-0132,STU-1132,Daisy Njoroge Musyoka,F,"Thursday, 8 April 2010","Monday, 12 August 2024",7,Grade 7B,SCH012,Naivasha Bright School,Public,Naivasha,Nakuru,Rift Valley,Kenya,Kisauni,Mombasa,Coast,Kenya,T006,daniel otieno,M,B/Studies,Eldoret East,Uasin Gishu,Rift Valley,Kenya,SUB006,B/Studies,Term 1,FY2026,Cat 1,45,0.71,0,No,Day,14
EDU-0133,STU-1133,Gladys Koech Musyoka,F,"Tuesday, 20 May 2014","Sunday, 24 July 2022",8,Grade 7A,SCH001,Garden Court Academy,Private,Westlands,Nairobi,Nairobi,Kenya,Athi River,Machakos,Eastern,Kenya,T001,AMINA WANJIRU,F,Mathematics,Westlands,Nairobi,Nairobi,Kenya,SUB001,Mathematics,Term 1,FY2026,Cat 2,55,0.93,1200,No,Hybrid,8
EDU-0138,STU-1138,Rose Odhiambo Kipsang,F,"Wednesday, 18 April 2012","Sunday, 24 September 2023",9,Grade 8A,SCH006,Mvita Coast School,Public,Mvita,Mombasa,Coast,Kenya,Embakasi East,Nairobi,Nairobi,Kenya,T006,daniel otieno,M,B/Studies,Eldoret East,Uasin Gishu,Rift Valley,Kenya,SUB006,B/Studies,Term 1,FY2026,Practical,45,0.8,15000,No,Boarding,11
EDU-0142,STU-1142,Moureen Atieno Kamau,F,"Wednesday, 13 March 2013","Tuesday, 6 June 2023",7,Grade 9A,SCH010,Lurambi Green School,Public,Lurambi,Kakamega,Western,Kenya,Langata,Nairobi,Nairobi,Kenya,T004,peter mwangi,M,Biology,Thika Town,Kiambu,Central,Kenya,SUB004,Biology,Term 1,FY2026,End Term,68,0.66,15000,No,Hybrid,10
EDU-0145,STU-1145,John Langat Duale,F,"Monday, 25 October 2010","Monday, 10 October 2022",8,Grade 8B,SCH001,Garden Court Academy,Private,Westlands,Nairobi,Nairobi,Kenya,Naivasha,Nakuru,Rift Valley,Kenya,T001,AMINA WANJIRU,F,Mathematics,Westlands,Nairobi,Nairobi,Kenya,SUB001,Mathematics,Term 1,FY2026,Cat 1,56,1,0,No,Day,12
EDU-0147,STU-1147,George Maina Kilonzo,F,"Thursday, 16 September 2010","Sunday, 10 March 2024",8,Grade 9B,SCH003,Langata Plains School,Private,Langata,Nairobi,Nairobi,Kenya,Kisauni,Mombasa,Coast,Kenya,T003,esther naliaka,F,Kiswahili,Kisumu East,Kisumu,Nyanza,Kenya,SUB003,Kiswahili,Term 1,FY2026,Cat 1,83,0.62,1200,No,Hybrid,13
EDU-0149,STU-1149,Nelly Nyanchama Were,F,"Friday, 18 March 2011","Saturday, 30 March 2024",7,Grade 7B,SCH005,Thika Digital Academy,Private,Thika Town,Kiambu,Central,Kenya,Westlands,Nairobi,Nairobi,Kenya,T005,fatuma ali,F,Comp/Studies,Mvita,Mombasa,Coast,Kenya,SUB005,Comp/Studies,Term 1,FY2026,Practical,46,0.63,1200,No,Boarding,13
EDU-0159,STU-1159,Irene Rotich Mwangi,F,"Monday, 18 March 2013","Friday, 12 April 2024",9,Grade 7B,SCH003,Langata Plains School,Private,Langata,Nairobi,Nairobi,Kenya,Kisumu East,Kisumu,Nyanza,Kenya,T003,esther naliaka,F,Kiswahili,Kisumu East,Kisumu,Nyanza,Kenya,SUB003,Kiswahili,Term 1,FY2026,Cat 1,82,0.89,7500,No,Day,11
EDU-0162,STU-1162,Grace Kiptoo Koech,F,"Thursday, 6 March 2014","Friday, 19 July 2024",9,Grade 7B,SCH006,Mvita Coast School,Public,Mvita,Mombasa,Coast,Kenya,Mvita,Mombasa,Coast,Kenya,T006,daniel otieno,M,B/Studies,Eldoret East,Uasin Gishu,Rift Valley,Kenya,SUB006,B/Studies,Term 1,FY2026,Mid Term,97,0.78,0,No,Day,10
EDU-0172,STU-1172,Oscar Rotich Were,F,"Sunday, 6 September 2015","Monday, 16 May 2022",8,Grade 9A,SCH004,Ruiru Sunrise School,Public,Ruiru,Kiambu,Central,Kenya,Westlands,Nairobi,Nairobi,Kenya,T004,peter mwangi,M,Biology,Thika Town,Kiambu,Central,Kenya,SUB004,Biology,Term 1,FY2026,Mid Term,89,0.8,2500,No,Day,7
EDU-0173,STU-1173,Janet Rotich Kimutai,F,"Monday, 24 August 2015","Friday, 24 March 2023",7,Grade 8A,SCH005,Thika Digital Academy,Private,Thika Town,Kiambu,Central,Kenya,Ruiru,Kiambu,Central,Kenya,T005,fatuma ali,F,Comp/Studies,Mvita,Mombasa,Coast,Kenya,SUB005,Comp/Studies,Term 1,FY2026,End Term,53,0.78,1200,No,Boarding,8
EDU-0179,STU-1179,Ezra Adhiambo Mburu,F,"Wednesday, 24 April 2013","Thursday, 7 September 2023",7,Grade 8A,SCH011,Athi River Stem School,Private,Athi River,Machakos,Eastern,Kenya,Athi River,Machakos,Eastern,Kenya,T005,fatuma ali,F,Comp/Studies,Mvita,Mombasa,Coast,Kenya,SUB005,Comp/Studies,Term 1,FY2026,Cat 1,75,0.66,10000,No,Boarding,10
EDU-0180,STU-1180,Doreen Chebet Macharia,F,"Wednesday, 2 May 2012","Wednesday, 9 March 2022",9,Grade 9B,SCH012,Naivasha Bright School,Public,Naivasha,Nakuru,Rift Valley,Kenya,Embakasi East,Nairobi,Nairobi,Kenya,T006,daniel otieno,M,B/Studies,Eldoret East,Uasin Gishu,Rift Valley,Kenya,SUB006,B/Studies,Term 1,FY2026,End Term,54,0.86,10000,No,Boarding,10
EDU-0184,STU-1184,Grace Atieno Onyango,F,"Tuesday, 14 September 2010","Friday, 11 November 2022",9,Grade 9B,SCH004,Ruiru Sunrise School,Public,Ruiru,Kiambu,Central,Kenya,Langata,Nairobi,Nairobi,Kenya,T004,peter mwangi,M,Biology,Thika Town,Kiambu,Central,Kenya,SUB004,Biology,Term 1,FY2026,End Term,75,0.8,5000,No,Day,12
EDU-0190,STU-1190,Joseph Mwikali Chege,F,"Friday, 28 May 2010","Saturday, 3 August 2024",7,Grade 8A,SCH010,Lurambi Green School,Public,Lurambi,Kakamega,Western,Kenya,Lurambi,Kakamega,Western,Kenya,T004,peter mwangi,M,Biology,Thika Town,Kiambu,Central,Kenya,SUB004,Biology,Term 1,FY2026,Mid Term,84,0.9,15000,No,Hybrid,14
EDU-0191,STU-1191,Anthony Nduta Njoroge,F,"Friday, 31 August 2012","Wednesday, 8 February 2023",8,Grade 7B,SCH011,Athi River Stem School,Private,Athi River,Machakos,Eastern,Kenya,Westlands,Nairobi,Nairobi,Kenya,T005,fatuma ali,F,Comp/Studies,Mvita,Mombasa,Coast,Kenya,SUB005,Comp/Studies,Term 1,FY2026,Cat 1,77,0.88,2500,No,Day,10
EDU-0193,STU-1193,Hassan Makena Ali,F,"Friday, 30 September 2011","Friday, 28 July 2023",7,Grade 9A,SCH001,Garden Court Academy,Private,Westlands,Nairobi,Nairobi,Kenya,Kisauni,Mombasa,Coast,Kenya,T001,AMINA WANJIRU,F,Mathematics,Westlands,Nairobi,Nairobi,Kenya,SUB001,Mathematics,Term 1,FY2026,Cat 2,35,0.88,0,No,Boarding,12
EDU-0195,STU-1195,Lucy Kariuki Mohamed,F,"Friday, 1 August 2014","Tuesday, 25 October 2022",8,Grade 7B,SCH003,Langata Plains School,Private,Langata,Nairobi,Nairobi,Kenya,Westlands,Nairobi,Nairobi,Kenya,T003,esther naliaka,F,Kiswahili,Kisumu East,Kisumu,Nyanza,Kenya,SUB003,Kiswahili,Term 1,FY2026,Cat 2,86,0.9,1200,No,Hybrid,8
EDU-0199,STU-1199,Esther Langat Mogere,F,"Sunday, 6 January 2013","Thursday, 22 February 2024",7,Grade 9B,SCH007,Kisauni Future School,Private,Kisauni,Mombasa,Coast,Kenya,Embakasi East,Nairobi,Nairobi,Kenya,T001,AMINA WANJIRU,F,Mathematics,Westlands,Nairobi,Nairobi,Kenya,SUB001,Mathematics,Term 1,FY2026,Project,43,0.58,0,No,Boarding,11
EDU-0202,STU-1202,George Nyambura Mohamed,F,"Thursday, 6 January 2011","Thursday, 7 April 2022",9,Grade 9B,SCH010,Lurambi Green School,Public,Lurambi,Kakamega,Western,Kenya,Athi River,Machakos,Eastern,Kenya,T004,peter mwangi,M,Biology,Thika Town,Kiambu,Central,Kenya,SUB004,Biology,Term 1,FY2026,Mid Term,74,0.92,5000,No,Day,11
EDU-0205,STU-1205,George Maina Omondi,F,"Sunday, 23 November 2014","Tuesday, 20 February 2024",8,Grade 8B,SCH001,Garden Court Academy,Private,Westlands,Nairobi,Nairobi,Kenya,Eldoret East,Uasin Gishu,Rift Valley,Kenya,T001,AMINA WANJIRU,F,Mathematics,Westlands,Nairobi,Nairobi,Kenya,SUB001,Mathematics,Term 1,FY2026,Practical,4,1,0,No,Hybrid,9
EDU-0206,STU-1206,Collins Mburu Mutiso,F,"Sunday, 6 April 2014","Thursday, 5 October 2023",9,Grade 8B,SCH002,Ambakasi Hope Junior,Public,Embakasi East,Nairobi,Nairobi,Kenya,Naivasha,Nakuru,Rift Valley,Kenya,T002,BRIAN KIPTOO,M,English,Ruiru,Kiambu,Central,Kenya,SUB002,English,Term 1,FY2026,Project,41,0.95,0,No,Boarding,10
EDU-0207,STU-1207,Lians Makena Barasa,F,"Sunday, 20 May 2012","Wednesday, 26 January 2022",9,Grade 9B,SCH003,Langata Plains School,Private,Langata,Nairobi,Nairobi,Kenya,Langata,Nairobi,Nairobi,Kenya,T003,esther naliaka,F,Kiswahili,Kisumu East,Kisumu,Nyanza,Kenya,SUB003,Kiswahili,Term 1,FY2026,Practical,25,0.8,0,No,Day,10
EDU-0212,STU-1212,Ivy Rotich Ali,F,"Monday, 23 June 2014","Wednesday, 16 November 2022",8,Grade 7A,SCH008,Kisumu Lakeview School,Public,Kisumu East,Kisumu,Nyanza,Kenya,Kisauni,Mombasa,Coast,Kenya,T002,BRIAN KIPTOO,M,English,Ruiru,Kiambu,Central,Kenya,SUB002,English,Term 1,FY2026,Mid Term,81,0.77,0,No,Boarding,8
EDU-0215,STU-1215,Boniface Akinyi Juma,F,"Saturday, 6 September 2014","Thursday, 6 October 2022",8,Grade 8A,SCH011,Athi River Stem School,Private,Athi River,Machakos,Eastern,Kenya,Ruiru,Kiambu,Central,Kenya,T005,fatuma ali,F,Comp/Studies,Mvita,Mombasa,Coast,Kenya,SUB005,Comp/Studies,Term 1,FY2026,Mid Term,47,0.8,0,No,Day,8
EDU-0218,STU-1218,Zainab Adhiambo Achieng,F,"Tuesday, 3 March 2015","Thursday, 16 March 2023",9,Grade 9B,SCH002,Ambakasi Hope Junior,Public,Embakasi East,Nairobi,Nairobi,Kenya,Embakasi East,Nairobi,Nairobi,Kenya,T002,BRIAN KIPTOO,M,English,Ruiru,Kiambu,Central,Kenya,SUB002,English,Term 1,FY2026,Cat 1,87,0.72,7500,No,Day,8
EDU-0227,STU-1227,Beatrice Maina Koech,F,"Monday, 16 March 2015","Thursday, 1 August 2024",8,Grade 9B,SCH011,Athi River Stem School,Private,Athi River,Machakos,Eastern,Kenya,Mvita,Mombasa,Coast,Kenya,T005,fatuma ali,F,Comp/Studies,Mvita,Mombasa,Coast,Kenya,SUB005,Comp/Studies,Term 1,FY2026,Project,24,0.7,15000,No,Boarding,9
EDU-0235,STU-1235,Caroline Nduta Njoroge,F,"Sunday, 15 January 2012","Sunday, 22 September 2024",8,Grade 7A,SCH007,Kisauni Future School,Private,Kisauni,Mombasa,Coast,Kenya,Kisauni,Mombasa,Coast,Kenya,T001,AMINA WANJIRU,F,Mathematics,Westlands,Nairobi,Nairobi,Kenya,SUB001,Mathematics,Term 1,FY2026,End Term,90,0.91,0,No,Boarding,13
EDU-0236,STU-1236,Leonard Wanjala Kamau,F,"Monday, 5 March 2012","Tuesday, 18 October 2022",7,Grade 9B,SCH008,Kisumu Lakeview School,Public,Kisumu East,Kisumu,Nyanza,Kenya,Lurambi,Kakamega,Western,Kenya,T002,BRIAN KIPTOO,M,English,Ruiru,Kiambu,Central,Kenya,SUB002,English,Term 1,FY2026,Practical,95,0.77,0,No,Boarding,11
EDU-0239,STU-1239,Mary Mbugua Maiyo,F,"Sunday, 24 August 2014","Friday, 30 June 2023",7,Grade 7B,SCH011,Athi River Stem School,Private,Athi River,Machakos,Eastern,Kenya,Kisumu East,Kisumu,Nyanza,Kenya,T005,fatuma ali,F,Comp/Studies,Mvita,Mombasa,Coast,Kenya,SUB005,Comp/Studies,Term 1,FY2026,Practical,47,0.63,0,No,Boarding,9
EDU-0240,STU-1240,Leonard Rotich Kimutai,F,"Monday, 13 May 2013","Friday, 17 March 2023",8,Grade 8B,SCH012,Naivasha Bright School,Public,Naivasha,Nakuru,Rift Valley,Kenya,Athi River,Machakos,Eastern,Kenya,T006,daniel otieno,M,B/Studies,Eldoret East,Uasin Gishu,Rift Valley,Kenya,SUB006,B/Studies,Term 1,FY2026,Mid Term,36,0.8,15000,No,Boarding,10
EDU-0241,STU-1241,Naomi Nduta Barasa,F,"Sunday, 14 December 2014","Friday, 15 December 2023",7,Grade 8B,SCH001,Garden Court Academy,Private,Westlands,Nairobi,Nairobi,Kenya,Embakasi East,Nairobi,Nairobi,Kenya,T001,AMINA WANJIRU,F,Mathematics,Westlands,Nairobi,Nairobi,Kenya,SUB001,Mathematics,Term 1,FY2026,Mid Term,87,0.68,5000,No,Hybrid,9
EDU-0244,STU-1244,Rose Ochieng Kamau,F,"Thursday, 1 November 2012","Wednesday, 14 December 2022",8,Grade 9B,SCH004,Ruiru Sunrise School,Public,Ruiru,Kiambu,Central,Kenya,Athi River,Machakos,Eastern,Kenya,T004,peter mwangi,M,Biology,Thika Town,Kiambu,Central,Kenya,SUB004,Biology,Term 1,FY2026,Mid Term,93,0.9,0,No,Day,10
EDU-0248,STU-1248,Hellen Wekesa Rono,F,"Monday, 6 September 2010","Wednesday, 23 November 2022",9,Grade 9A,SCH008,Kisumu Lakeview School,Public,Kisumu East,Kisumu,Nyanza,Kenya,Naivasha,Nakuru,Rift Valley,Kenya,T002,BRIAN KIPTOO,M,English,Ruiru,Kiambu,Central,Kenya,SUB002,English,Term 1,FY2026,Cat 1,59,0.8,5000,No,Day,12
EDU-0250,STU-1250,Susan Wafula Koech,F,"Friday, 5 July 2013","Wednesday, 6 March 2024",8,Grade 8B,SCH010,Lurambi Green School,Public,Lurambi,Kakamega,Western,Kenya,Mvita,Mombasa,Coast,Kenya,T004,peter mwangi,M,Biology,Thika Town,Kiambu,Central,Kenya,SUB004,Biology,Term 1,FY2026,Mid Term,71,0.59,10000,No,Hybrid,11
EDU-0253,STU-1253,Rose Mwikali Serem,F,"Wednesday, 16 April 2014","Thursday, 7 March 2024",7,Grade 9B,SCH001,Garden Court Academy,Private,Westlands,Nairobi,Nairobi,Kenya,Ruiru,Kiambu,Central,Kenya,T001,AMINA WANJIRU,F,Mathematics,Westlands,Nairobi,Nairobi,Kenya,SUB001,Mathematics,Term 1,FY2026,Mid Term,77,0.8,0,No,Boarding,10
EDU-0256,STU-1256,Esther Koech Njoroge,F,"Sunday, 19 February 2012","Wednesday, 20 December 2023",8,Grade 8A,SCH004,Ruiru Sunrise School,Public,Ruiru,Kiambu,Central,Kenya,Westlands,Nairobi,Nairobi,Kenya,T004,peter mwangi,M,Biology,Thika Town,Kiambu,Central,Kenya,SUB004,Biology,Term 1,FY2026,Cat 1,47,0.97,10000,No,Boarding,12
EDU-0257,STU-1257,Theo Kiplagat Mburu,F,"Saturday, 18 December 2010","Thursday, 9 November 2023",8,Grade 7B,SCH005,Thika Digital Academy,Private,Thika Town,Kiambu,Central,Kenya,Ruiru,Kiambu,Central,Kenya,T005,fatuma ali,F,Comp/Studies,Mvita,Mombasa,Coast,Kenya,SUB005,Comp/Studies,Term 1,FY2026,End Term,43,0.57,2500,No,Boarding,13
EDU-0259,STU-1259,Kevin Nyanchama Wanjala,F,"Friday, 10 January 2014","Friday, 13 January 2023",8,Grade 8A,SCH007,Kisauni Future School,Private,Kisauni,Mombasa,Coast,Kenya,Athi River,Machakos,Eastern,Kenya,T001,AMINA WANJIRU,F,Mathematics,Westlands,Nairobi,Nairobi,Kenya,SUB001,Mathematics,Term 1,FY2026,Mid Term,106,0.94,7500,No,Boarding,9
EDU-0270,STU-1270,Martin Kiplagat Muthama,F,"Friday, 7 February 2014","Saturday, 14 May 2022",9,Grade 7A,SCH006,Mvita Coast School,Public,Mvita,Mombasa,Coast,Kenya,Eldoret East,Uasin Gishu,Rift Valley,Kenya,T006,daniel otieno,M,B/Studies,Eldoret East,Uasin Gishu,Rift Valley,Kenya,SUB006,B/Studies,Term 1,FY2026,End Term,67,0.8,0,No,Boarding,8
EDU-0271,STU-1271,Felix Moraa Wekesa,F,"Saturday, 4 October 2014","Wednesday, 8 May 2024",8,Grade 8A,SCH007,Kisauni Future School,Private,Kisauni,Mombasa,Coast,Kenya,Naivasha,Nakuru,Rift Valley,Kenya,T001,AMINA WANJIRU,F,Mathematics,Westlands,Nairobi,Nairobi,Kenya,SUB001,Mathematics,Term 1,FY2026,Cat 1,88,0.89,1200,No,Hybrid,10
EDU-0272,STU-1272,Kevin Njoroge Bett,F,"Monday, 4 October 2010","Sunday, 12 May 2024",7,Grade 9B,SCH008,Kisumu Lakeview School,Public,Kisumu East,Kisumu,Nyanza,Kenya,Langata,Nairobi,Nairobi,Kenya,T002,BRIAN KIPTOO,M,English,Ruiru,Kiambu,Central,Kenya,SUB002,English,Term 1,FY2026,Practical,0,1,2500,No,Day,14
EDU-0274,STU-1274,David Kilonzo Kamau,F,"Sunday, 21 April 2013","Thursday, 22 September 2022",8,Grade 8A,SCH010,Lurambi Green School,Public,Lurambi,Kakamega,Western,Kenya,Lurambi,Kakamega,Western,Kenya,T004,peter mwangi,M,Biology,Thika Town,Kiambu,Central,Kenya,SUB004,Biology,Term 1,FY2026,Cat 1,23,0.97,15000,No,Day,9
EDU-0282,STU-1282,Dennis Langat Kamau,F,"Monday, 30 July 2012","Wednesday, 15 June 2022",8,Grade 7A,SCH006,Mvita Coast School,Public,Mvita,Mombasa,Coast,Kenya,Athi River,Machakos,Eastern,Kenya,T006,daniel otieno,M,B/Studies,Eldoret East,Uasin Gishu,Rift Valley,Kenya,SUB006,B/Studies,Term 1,FY2026,Practical,97,0.83,10000,No,Hybrid,10
EDU-0284,STU-1284,Winnie Nyanchama Onyango,F,"Sunday, 11 November 2012","Tuesday, 6 June 2023",8,Grade 8B,SCH008,Kisumu Lakeview School,Public,Kisumu East,Kisumu,Nyanza,Kenya,Thika Town,Kiambu,Central,Kenya,T002,BRIAN KIPTOO,M,English,Ruiru,Kiambu,Central,Kenya,SUB002,English,Term 1,FY2026,Practical,33,0.85,15000,No,Day,11
EDU-0288,STU-1288,Mary Omondi Njeri,F,"Tuesday, 30 August 2011","Thursday, 9 May 2024",9,Grade 7A,SCH012,Naivasha Bright School,Public,Naivasha,Nakuru,Rift Valley,Kenya,Mvita,Mombasa,Coast,Kenya,T006,daniel otieno,M,B/Studies,Eldoret East,Uasin Gishu,Rift Valley,Kenya,SUB006,B/Studies,Term 1,FY2026,Cat 2,38,0.9,7500,No,Boarding,13
EDU-0289,STU-1289,Felix Wairimu Muli,F,"Monday, 6 December 2010","Saturday, 29 October 2022",7,Grade 7A,SCH001,Garden Court Academy,Private,Westlands,Nairobi,Nairobi,Kenya,Eldoret East,Uasin Gishu,Rift Valley,Kenya,T001,AMINA WANJIRU,F,Mathematics,Westlands,Nairobi,Nairobi,Kenya,SUB001,Mathematics,Term 1,FY2026,Mid Term,0,0.84,0,No,Hybrid,12
EDU-0293,STU-1293,Stephen Adhiambo Onyango,F,"Tuesday, 2 August 2011","Monday, 29 April 2024",7,Grade 9A,SCH005,Thika Digital Academy,Private,Thika Town,Kiambu,Central,Kenya,Eldoret East,Uasin Gishu,Rift Valley,Kenya,T005,fatuma ali,F,Comp/Studies,Mvita,Mombasa,Coast,Kenya,SUB005,Comp/Studies,Term 1,FY2026,Cat 1,94,0.71,0,No,Day,13
EDU-0296,STU-1296,Gladys Chebet Mogere,F,"Monday, 22 September 2014","Monday, 22 January 2024",9,Grade 8A,SCH008,Kisumu Lakeview School,Public,Kisumu East,Kisumu,Nyanza,Kenya,Kisauni,Mombasa,Coast,Kenya,T002,BRIAN KIPTOO,M,English,Ruiru,Kiambu,Central,Kenya,SUB002,English,Term 1,FY2026,Practical,106,0.95,15000,No,Boarding,9
EDU-0298,STU-1298,Trixie Koech Njoroge,F,"Saturday, 27 February 2010","Friday, 12 August 2022",9,Grade 8B,SCH010,Lurambi Green School,Public,Lurambi,Kakamega,Western,Kenya,Westlands,Nairobi,Nairobi,Kenya,T004,peter mwangi,M,Biology,Thika Town,Kiambu,Central,Kenya,SUB004,Biology,Term 1,FY2026,Project,24,0.76,7500,No,Boarding,12
EDU-0300,STU-1300,Ivy Maina Chebet,F,"Friday, 30 April 2010","Tuesday, 17 January 2023",8,Grade 9A,SCH012,Naivasha Bright School,Public,Naivasha,Nakuru,Rift Valley,Kenya,Kisauni,Mombasa,Coast,Kenya,T006,daniel otieno,M,B/Studies,Eldoret East,Uasin Gishu,Rift Valley,Kenya,SUB006,B/Studies,Term 1,FY2026,Cat 1,38,0.91,15000,No,Hybrid,13
EDU-0301,STU-1301,Purity Wambui Chebet,F,"Thursday, 10 March 2011","Friday, 30 August 2024",9,Grade 7B,SCH001,Garden Court Academy,Private,Westlands,Nairobi,Nairobi,Kenya,Athi River,Machakos,Eastern,Kenya,T001,AMINA WANJIRU,F,Mathematics,Westlands,Nairobi,Nairobi,Kenya,SUB001,Mathematics,Term 1,FY2026,Practical,70,0.8,0,No,Boarding,13
EDU-0303,STU-1303,Cynthia Ochieng Onyango,F,"Tuesday, 7 February 2012","Monday, 4 July 2022",8,Grade 8B,SCH003,Langata Plains School,Private,Langata,Nairobi,Nairobi,Kenya,Thika Town,Kiambu,Central,Kenya,T003,esther naliaka,F,Kiswahili,Kisumu East,Kiambu,Nyanza,Kenya,SUB003,Kiswahili,Term 1,FY2026,Practical,47,0.95,5000,No,Day,10
EDU-0306,STU-1306,Naomi Cherono Kamau,F,"Sunday, 7 March 2010","Thursday, 14 April 2022",8,Grade 8A,SCH006,Mvita Coast School,Public,Mvita,Mombasa,Coast,Kenya,Embakasi East,Nairobi,Nairobi,Kenya,T006,daniel otieno,M,B/Studies,Eldoret East,Uasin Gishu,Rift Valley,Kenya,SUB006,B/Studies,Term 1,FY2026,Mid Term,0,0.73,7500,No,Boarding,12
EDU-0308,STU-1308,Pauline Barasa Nyaga,F,"Thursday, 17 January 2013","Monday, 18 September 2023",7,Grade 7A,SCH008,Kisumu Lakeview School,Public,Kisumu East,Kisumu,Nyanza,Kenya,Eldoret East,Uasin Gishu,Rift Valley,Kenya,T002,BRIAN KIPTOO,M,English,Ruiru,Kiambu,Central,Kenya,SUB002,English,Term 1,FY2026,Practical,33,0.68,10000,No,Boarding,11
EDU-0309,STU-1309,Clinton Muthoni Wario,F,"Sunday, 27 July 2014","Sunday, 10 December 2023",7,Grade 9A,SCH009,Eldoret Valley Academy,Private,Eldoret East,Uasin Gishu,Rift Valley,Kenya,Naivasha,Nakuru,Rift Valley,Kenya,T003,esther naliaka,F,Kiswahili,Kisumu East,Kisumu,Nyanza,Kenya,SUB003,Kiswahili,Term 1,FY2026,Mid Term,82,0.7,2500,No,Boarding,9
EDU-0312,STU-1312,Mary Ochieng Chege,F,"Friday, 12 March 2010","Tuesday, 5 December 2023",7,Grade 9A,SCH012,Naivasha Bright School,Public,Naivasha,Nakuru,Rift Valley,Kenya,Eldoret East,Uasin Gishu,Rift Valley,Kenya,T006,daniel otieno,M,B/Studies,Eldoret East,Uasin Gishu,Rift Valley,Kenya,SUB006,B/Studies,Term 1,FY2026,Cat 1,36,0.93,7500,No,Hybrid,14
EDU-0314,STU-1314,Sharon Ochieng Juma,F,"Monday, 18 January 2010","Thursday, 22 September 2022",9,Grade 7B,SCH002,Ambakasi Hope Junior,Public,Embakasi East,Nairobi,Nairobi,Kenya,Langata,Nairobi,Nairobi,Kenya,T002,BRIAN KIPTOO,M,English,Ruiru,Kiambu,Central,Kenya,SUB002,English,Term 1,FY2026,End Term,33,0.99,1200,No,Day,13
EDU-0323,STU-1323,Pauline Wanjala Muthama,F,"Thursday, 11 September 2014","Thursday, 4 May 2023",7,Grade 8A,SCH011,Athi River Stem School,Private,Athi River,Machakos,Eastern,Kenya,Kisumu East,Kisumu,Nyanza,Kenya,T005,fatuma ali,F,Comp/Studies,Mvita,Mombasa,Coast,Kenya,SUB005,Comp/Studies,Term 1,FY2026,Cat 1,0,0.92,7500,No,Boarding,9
EDU-0001,STU-1001,Omar Kiplagat Njoroge,M,"Wednesday, 13 July 2011","Thursday, 25 May 2023",9,Grade 8B,SCH001,Garden Court Academy,Private,Westlands,Nairobi,Nairobi,Kenya,Ruiru,Kiambu,Central,Kenya,T001,AMINA WANJIRU,F,Mathematics,Westlands,Nairobi,Nairobi,Kenya,SUB001,Mathematics,Term 1,FY2026,Mid Term,51,0.59,2500,No,Day,12
EDU-0019,STU-1019,Lians Wanjiru Wekesa,M,"Thursday, 1 November 2012","Tuesday, 3 May 2022",7,Grade 9A,SCH007,Kisauni Future School,Private,Kisauni,Mombasa,Coast,Kenya,Naivasha,Nakuru,Rift Valley,Kenya,T001,AMINA WANJIRU,F,Mathematics,Westlands,Nairobi,Nairobi,Kenya,SUB001,Mathematics,Term 1,FY2026,Mid Term,44,0.74,1200,No,Day,10
EDU-0025,STU-1025,Leonard Nduta Mburu,M,"Tuesday, 6 May 2014","Saturday, 26 August 2023",9,Grade 8A,SCH001,Garden Court Academy,Private,Westlands,Nairobi,Nairobi,Kenya,Kisauni,Mombasa,Coast,Kenya,T001,AMINA WANJIRU,F,Mathematics,Westlands,Nairobi,Nairobi,Kenya,SUB001,Mathematics,Term 1,FY2026,Mid Term,29,0.76,10000,No,Day,9
EDU-0032,STU-1032,Dennis Mbugua Macharia,M,"Friday, 2 September 2011","Wednesday, 9 November 2022",9,Grade 9B,SCH008,Kisumu Lakeview School,Public,Kisumu East,Kisumu,Nyanza,Kenya,Thika Town,Kiambu,Central,Kenya,T002,BRIAN KIPTOO,M,English,Ruiru,Kiambu,Central,Kenya,SUB002,English,Term 1,FY2026,End Term,33,0.98,2500,No,Day,11
EDU-0034,STU-1034,Sharon Moraa Serem,M,"Saturday, 12 July 2014","Thursday, 24 November 2022",7,Grade 9B,SCH010,Lurambi Green School,Public,Lurambi,Kakamega,Western,Kenya,Athi River,Machakos,Eastern,Kenya,T004,peter mwangi,M,Biology,Thika Town,Kiambu,Central,Kenya,SUB004,Biology,Term 1,FY2026,Practical,0,0.9,0,No,Boarding,8
EDU-0047,STU-1047,Dennis Kiptoo Kipsang,M,"Saturday, 15 December 2012","Saturday, 18 November 2023",9,Grade 7A,SCH011,Athi River Stem School,Private,Athi River,Machakos,Eastern,Kenya,Ruiru,Kiambu,Central,Kenya,T005,fatuma ali,F,Comp/Studies,Mvita,Mombasa,Coast,Kenya,SUB005,Comp/Studies,Term 1,FY2026,Cat 1,41,0.67,5000,No,Day,11
EDU-0054,STU-1054,Samuel Nyambura Kariuki,M,"Sunday, 19 September 2010","Thursday, 29 August 2024",7,Grade 8A,SCH006,Mvita Coast School,Public,Mvita,Mombasa,Coast,Kenya,Embakasi East,Nairobi,Nairobi,Kenya,T006,daniel otieno,M,B/Studies,Eldoret East,Uasin Gishu,Rift Valley,Kenya,SUB006,B/Studies,Term 1,FY2026,Project,22,0.85,7500,No,Boarding,14
EDU-0056,STU-1056,Purity Auma Kipsang,M,"Saturday, 25 May 2013","Saturday, 9 April 2022",8,Grade 7A,SCH008,Kisumu Lakeview School,Public,Kisumu East,Kisumu,Nyanza,Kenya,Eldoret East,Uasin Gishu,Rift Valley,Kenya,T002,BRIAN KIPTOO,M,English,Ruiru,Kiambu,Central,Kenya,SUB002,English,Term 1,FY2026,Practical,23,0.68,1200,No,Boarding,9
EDU-0057,STU-1057,Winnie Barasa Njeri,M,"Friday, 1 June 2012","Saturday, 29 July 2023",8,Grade 8A,SCH009,Eldoret Valley Academy,Private,Eldoret East,Uasin Gishu,Rift Valley,Kenya,Naivasha,Nakuru,Rift Valley,Kenya,T003,esther naliaka,F,Kiswahili,Kisumu East,Kisumu,Nyanza,Kenya,SUB003,Kiswahili,Term 1,FY2026,Practical,55,0.73,15000,No,Hybrid,11
EDU-0060,STU-1060,Agnes Njoroge Serem,M,"Friday, 24 January 2014","Wednesday, 23 February 2022",9,Grade 7B,SCH012,Naivasha Bright School,Public,Naivasha,Nakuru,Rift Valley,Kenya,Eldoret East,Uasin Gishu,Rift Valley,Kenya,T006,daniel otieno,M,B/Studies,Eldoret East,Uasin Gishu,Rift Valley,Kenya,SUB006,B/Studies,Term 1,FY2026,Mid Term,96,0.99,10000,No,Hybrid,8
EDU-0063,STU-1063,Gladys Wairimu Mwakio,M,"Friday, 4 June 2010","Saturday, 20 July 2024",7,Grade 7A,SCH003,Langata Plains School,Private,Langata,Nairobi,Nairobi,Kenya,Kisauni,Mombasa,Coast,Kenya,T003,esther naliaka,F,Kiswahili,Kisumu East,Kisumu,Nyanza,Kenya,SUB003,Kiswahili,Term 1,FY2026,Cat 3,45,0.66,5000,No,Boarding,14
EDU-0066,STU-1066,Victor Koech Kariuki,M,"Saturday, 23 July 2011","Thursday, 4 April 2024",9,Grade 8B,SCH006,Mvita Coast School,Public,Mvita,Mombasa,Coast,Kenya,Ruiru,Kiambu,Central,Kenya,T006,daniel otieno,M,B/Studies,Eldoret East,Uasin Gishu,Rift Valley,Kenya,SUB006,B/Studies,Term 1,FY2026,Practical,34,0.55,15000,No,Boarding,13
EDU-0073,STU-1073,Navas Makena Ali,M,"Wednesday, 12 February 2014","Monday, 25 December 2023",9,Grade 9B,SCH001,Garden Court Academy,Private,Westlands,Nairobi,Nairobi,Kenya,Embakasi East,Nairobi,Nairobi,Kenya,T001,AMINA WANJIRU,F,Mathematics,Westlands,Nairobi,Nairobi,Kenya,SUB001,Mathematics,Term 1,FY2026,Cat 2,47,0.68,5000,No,Boarding,10
EDU-0075,STU-1075,Agnes Mutua Kariuki,M,"Wednesday, 3 October 2012","Monday, 18 September 2023",8,Grade 8A,SCH003,Langata Plains School,Private,Langata,Nairobi,Nairobi,Kenya,Kisumu East,Kisumu,Nyanza,Kenya,T003,esther naliaka,F,Kiswahili,Kisumu East,Kisumu,Nyanza,Kenya,SUB003,Kiswahili,Term 1,FY2026,Cat 1,29,0.65,10000,No,Boarding,11
EDU-0076,STU-1076,Herbert Nekesa Gichuru,M,"Thursday, 10 January 2013","Saturday, 11 March 2023",8,Grade 8B,SCH004,Ruiru Sunrise School,Public,Ruiru,Kiambu,Central,Kenya,Athi River,Machakos,Eastern,Kenya,T004,peter mwangi,M,Biology,Thika Town,Kiambu,Central,Kenya,SUB004,Biology,Term 1,FY2026,Mid Term,31,1,5000,No,Hybrid,10
EDU-0077,STU-1077,Doreen Kariuki Koech,M,"Monday, 18 March 2013","Saturday, 20 May 2023",9,Grade 8B,SCH005,Thika Digital Academy,Private,Thika Town,Kiambu,Central,Kenya,Langata,Nairobi,Nairobi,Kenya,T005,fatuma ali,F,Comp/Studies,Mvita,Mombasa,Coast,Kenya,SUB005,Comp/Studies,Term 1,FY2026,Project,77,0.81,2500,No,Day,10
EDU-0079,STU-1079,Elijah Omondi Muli,M,"Tuesday, 4 August 2015","Wednesday, 11 September 2024",8,Grade 9A,SCH007,Kisauni Future School,Private,Kisauni,Mombasa,Coast,Kenya,Eldoret East,Uasin Gishu,Rift Valley,Kenya,T001,AMINA WANJIRU,F,Mathematics,Westlands,Nairobi,Nairobi,Kenya,SUB001,Mathematics,Term 1,FY2026,End Term,79,0.71,5000,No,Boarding,9
EDU-0083,STU-1083,Herbert Akinyi Nyongesa,M,"Wednesday, 5 September 2012","Saturday, 8 April 2023",7,Grade 7B,SCH011,Athi River Stem School,Private,Athi River,Machakos,Eastern,Kenya,Eldoret East,Uasin Gishu,Rift Valley,Kenya,T005,fatuma ali,F,Comp/Studies,Mvita,Mombasa,Coast,Kenya,SUB005,Comp/Studies,Term 1,FY2026,Project,57,0.65,0,No,Boarding,11
EDU-0084,STU-1084,John Barasa Achieng,M,"Saturday, 28 May 2011","Sunday, 18 September 2022",8,Grade 9A,SCH012,Naivasha Bright School,Public,Naivasha,Nakuru,Rift Valley,Kenya,Westlands,Nairobi,Nairobi,Kenya,T006,daniel otieno,M,B/Studies,Eldoret East,Uasin Gishu,Rift Valley,Kenya,SUB006,B/Studies,Term 1,FY2026,End Term,76,0.67,5000,No,Boarding,11
EDU-0090,STU-1090,Mary Wanjiru Bett,M,"Wednesday, 18 April 2012","Saturday, 14 October 2023",9,Grade 8A,SCH006,Mvita Coast School,Public,Mvita,Mombasa,Coast,Kenya,Kisauni,Mombasa,Coast,Kenya,T006,daniel otieno,M,B/Studies,Eldoret East,Uasin Gishu,Rift Valley,Kenya,SUB006,B/Studies,Term 1,FY2026,Mid Term,24,0.65,7500,No,Boarding,11
EDU-0092,STU-1092,Dennis Odhiambo Maiyo,M,"Tuesday, 8 November 2011","Tuesday, 6 December 2022",8,Grade 8A,SCH008,Kisumu Lakeview School,Public,Kisumu East,Kisumu,Nyanza,Kenya,Embakasi East,Nairobi,Nairobi,Kenya,T002,BRIAN KIPTOO,M,English,Ruiru,Kiambu,Central,Kenya,SUB002,English,Term 1,FY2026,Mid Term,43,0.8,7500,No,Day,11
EDU-0093,STU-1093,Peter Nekesa Omondi,M,"Monday, 10 June 2013","Monday, 18 April 2022",7,Grade 8A,SCH009,Eldoret Valley Academy,Private,Eldoret East,Uasin Gishu,Rift Valley,Kenya,Thika Town,Kiambu,Central,Kenya,T003,esther naliaka,F,Kiswahili,Kisumu East,Kisumu,Nyanza,Kenya,SUB003,Kiswahili,Term 1,FY2026,Project,45,0.8,0,No,Hybrid,9
EDU-0094,STU-1094,Christine Mburu Oduor,M,"Sunday, 9 March 2014","Saturday, 16 July 2022",8,Grade 7B,SCH010,Lurambi Green School,Public,Lurambi,Kakamega,Western,Kenya,Kisumu East,Kisumu,Nyanza,Kenya,T004,peter mwangi,M,Biology,Thika Town,Kiambu,Central,Kenya,SUB004,Biology,Term 1,FY2026,Cat 1,44,0.92,0,No,Boarding,8
EDU-0095,STU-1095,Samuel Nduta Wanjala,M,"Saturday, 8 February 2014","Monday, 27 June 2022",7,Grade 7B,SCH011,Athi River Stem School,Private,Athi River,Machakos,Eastern,Kenya,Athi River,Machakos,Eastern,Kenya,T005,fatuma ali,F,Comp/Studies,Mvita,Mombasa,Coast,Kenya,SUB005,Comp/Studies,Term 1,FY2026,Cat 2,50,0.94,2500,No,Boarding,8
EDU-0099,STU-1099,Linda Muthoni Macharia,M,"Thursday, 23 February 2012","Friday, 3 June 2022",7,Grade 7B,SCH003,Langata Plains School,Private,Langata,Nairobi,Nairobi,Kenya,Naivasha,Nakuru,Rift Valley,Kenya,T003,esther naliaka,F,Kiswahili,Kisumu East,Kisumu,Nyanza,Kenya,SUB003,Kiswahili,Term 1,FY2026,Mid Term,80,0.74,5000,No,Hybrid,10
EDU-0100,STU-1100,Mary Cherono Cheruiyot,M,"Thursday, 30 May 2013","Saturday, 28 October 2023",9,Grade 8B,SCH004,Ruiru Sunrise School,Public,Ruiru,Kiambu,Central,Kenya,Langata,Nairobi,Nairobi,Kenya,T004,peter mwangi,M,Biology,Thika Town,Kiambu,Central,Kenya,SUB004,Biology,Term 1,FY2026,Mid Term,59,0.56,15000,No,Day,10
EDU-0116,STU-1116,Naomi Omondi Kipsang,M,"Thursday, 12 April 2012","Saturday, 24 February 2024",8,Grade 7B,SCH008,Kisumu Lakeview School,Public,Kisumu East,Kisumu,Nyanza,Kenya,Thika Town,Kiambu,Central,Kenya,T002,BRIAN KIPTOO,M,English,Ruiru,Kiambu,Central,Kenya,SUB002,English,Term 1,FY2026,End Term,56,0.77,1200,No,Day,12
EDU-0117,STU-1117,Hassan Wanjala Muli,M,"Saturday, 17 November 2012","Wednesday, 30 March 2022",8,Grade 9B,SCH009,Eldoret Valley Academy,Private,Eldoret East,Uasin Gishu,Rift Valley,Kenya,Kisumu East,Kisumu,Nyanza,Kenya,T003,esther naliaka,F,Kiswahili,Kisumu East,Kisumu,Nyanza,Kenya,SUB003,Kiswahili,Term 1,FY2026,End Term,67,0.91,5000,No,Boarding,9
EDU-0126,STU-1126,Joseph Makena Kiprono,M,"Saturday, 12 March 2011","Thursday, 23 February 2023",7,Grade 9B,SCH006,Mvita Coast School,Public,Mvita,Mombasa,Coast,Kenya,Westlands,Nairobi,Nairobi,Kenya,T006,daniel otieno,M,B/Studies,Eldoret East,Uasin Gishu,Rift Valley,Kenya,SUB006,B/Studies,Term 1,FY2026,Project,34,0.59,0,No,Hybrid,12
EDU-0129,STU-1129,Faith Cherono Ali,M,"Friday, 2 May 2014","Monday, 25 March 2024",7,Grade 9B,SCH009,Eldoret Valley Academy,Private,Eldoret East,Uasin Gishu,Rift Valley,Kenya,Lurambi,Kakamega,Western,Kenya,T003,esther naliaka,F,Kiswahili,Kisumu East,Kisumu,Nyanza,Kenya,SUB003,Kiswahili,Term 1,FY2026,Project,39,0.8,7500,No,Boarding,10
EDU-0130,STU-1130,Peter Chebet Duale,M,"Monday, 28 May 2012","Saturday, 8 June 2024",8,Grade 9B,SCH010,Lurambi Green School,Public,Lurambi,Kakamega,Western,Kenya,Westlands,Nairobi,Nairobi,Kenya,T004,peter mwangi,M,Biology,Thika Town,Kiambu,Central,Kenya,SUB004,Biology,Term 1,FY2026,End Term,51,0.68,7500,No,Boarding,12
EDU-0131,STU-1131,Ezra Makena Oduor,M,"Wednesday, 25 September 2013","Thursday, 22 February 2024",9,Grade 9B,SCH011,Athi River Stem School,Private,Athi River,Machakos,Eastern,Kenya,Ruiru,Kiambu,Central,Kenya,T005,fatuma ali,F,Comp/Studies,Mvita,Mombasa,Coast,Kenya,SUB005,Comp/Studies,Term 1,FY2026,Mid Term,82,0.55,7500,No,Hybrid,10
EDU-0134,STU-1134,Clinton Maina Cheruiyot,M,"Thursday, 1 November 2012","Monday, 24 June 2024",8,Grade 8B,SCH002,Ambakasi Hope Junior,Public,Embakasi East,Nairobi,Nairobi,Kenya,Embakasi East,Nairobi,Nairobi,Kenya,T002,BRIAN KIPTOO,M,English,Ruiru,Kiambu,Central,Kenya,SUB002,English,Term 1,FY2026,Mid Term,52,0.61,7500,No,Day,12
EDU-0135,STU-1135,Brian Odhiambo Lagat,M,"Saturday, 1 March 2014","Tuesday, 18 July 2023",7,Grade 8A,SCH003,Langata Plains School,Private,Langata,Nairobi,Nairobi,Kenya,Thika Town,Kiambu,Central,Kenya,T003,esther naliaka,F,Kiswahili,Kisumu East,Kisumu,Nyanza,Kenya,SUB003,Kiswahili,Term 1,FY2026,Cat 2,49,0.65,1200,No,Day,9
EDU-0136,STU-1136,Lians Mbugua Onyango,M,"Thursday, 16 July 2015","Thursday, 29 February 2024",9,Grade 8A,SCH004,Ruiru Sunrise School,Public,Ruiru,Kiambu,Central,Kenya,Kisumu East,Kisumu,Nyanza,Kenya,T004,peter mwangi,M,Biology,Thika Town,Kiambu,Central,Kenya,SUB004,Biology,Term 1,FY2026,Project,0,0.82,0,No,Boarding,9
EDU-0139,STU-1139,Esther Jepchirchir Njeri,M,"Sunday, 16 September 2012","Thursday, 10 August 2023",9,Grade 9B,SCH007,Kisauni Future School,Private,Kisauni,Mombasa,Coast,Kenya,Thika Town,Kiambu,Central,Kenya,T001,AMINA WANJIRU,F,Mathematics,Westlands,Nairobi,Nairobi,Kenya,SUB001,Mathematics,Term 1,FY2026,Practical,22,0.82,15000,No,Boarding,11
EDU-0143,STU-1143,Victor Njoki Kimutai,M,"Thursday, 27 November 2014","Tuesday, 12 September 2023",7,Grade 9A,SCH011,Athi River Stem School,Private,Athi River,Machakos,Eastern,Kenya,Mvita,Mombasa,Coast,Kenya,T005,fatuma ali,F,Comp/Studies,Mvita,Mombasa,Coast,Kenya,SUB005,Comp/Studies,Term 1,FY2026,Project,70,0.84,1200,No,Boarding,9
EDU-0144,STU-1144,Abdi Cherono Mutiso,M,"Tuesday, 31 March 2015","Thursday, 10 February 2022",9,Grade 9A,SCH012,Naivasha Bright School,Public,Naivasha,Nakuru,Rift Valley,Kenya,Eldoret East,Uasin Gishu,Rift Valley,Kenya,T006,daniel otieno,M,B/Studies,Eldoret East,Uasin Gishu,Rift Valley,Kenya,SUB006,B/Studies,Term 1,FY2026,Mid Term,30,0.82,1200,No,Day,7
EDU-0148,STU-1148,Anthony Kariuki Korir,M,"Monday, 12 January 2015","Saturday, 17 June 2023",7,Grade 7B,SCH004,Ruiru Sunrise School,Public,Ruiru,Kiambu,Central,Kenya,Lurambi,Kakamega,Western,Kenya,T004,peter mwangi,M,Biology,Thika Town,Kiambu,Central,Kenya,SUB004,Biology,Term 1,FY2026,Practical,106,0.9,1200,No,Boarding,8
EDU-0155,STU-1155,John Koech Ali,M,"Wednesday, 26 May 2010","Wednesday, 7 December 2022",9,Grade 9A,SCH011,Athi River Stem School,Private,Athi River,Machakos,Eastern,Kenya,Kisumu East,Kisumu,Nyanza,Kenya,T005,fatuma ali,F,Comp/Studies,Mvita,Mombasa,Coast,Kenya,SUB005,Comp/Studies,Term 1,FY2026,Project,77,0.8,2500,No,Boarding,13
EDU-0161,STU-1161,Leonard Naliaka Cheruiyot,M,"Tuesday, 3 August 2010","Monday, 13 May 2024",9,Grade 7B,SCH005,Thika Digital Academy,Private,Thika Town,Kiambu,Central,Kenya,Langata,Nairobi,Nairobi,Kenya,T005,fatuma ali,F,Comp/Studies,Mvita,Mombasa,Coast,Kenya,SUB005,Comp/Studies,Term 1,FY2026,Project,96,0.8,2500,No,Hybrid,14
EDU-0163,STU-1163,Samuel Makena Cheruiyot,M,"Wednesday, 19 January 2011","Friday, 21 October 2022",8,Grade 9A,SCH007,Kisauni Future School,Private,Kisauni,Mombasa,Coast,Kenya,Eldoret East,Uasin Gishu,Rift Valley,Kenya,T001,AMINA WANJIRU,F,Mathematics,Westlands,Nairobi,Nairobi,Kenya,SUB001,Mathematics,Term 1,FY2026,Mid Term,24,0.7,5000,No,Day,12
EDU-0165,STU-1165,Gladys Mutua Musyoka,M,"Friday, 23 April 2010","Saturday, 13 July 2024",8,Grade 9B,SCH009,Eldoret Valley Academy,Private,Eldoret East,Uasin Gishu,Rift Valley,Kenya,Langata,Nairobi,Nairobi,Kenya,T003,esther naliaka,F,Kiswahili,Kisumu East,Kisumu,Nyanza,Kenya,SUB003,Kiswahili,Term 1,FY2026,End Term,62,0.8,7500,No,Boarding,14
EDU-0169,STU-1169,Sharon Mburu Bett,M,"Sunday, 18 July 2010","Saturday, 31 December 2022",9,Grade 7A,SCH001,Garden Court Academy,Private,Westlands,Nairobi,Nairobi,Kenya,Ruiru,Kiambu,Central,Kenya,T001,AMINA WANJIRU,F,Mathematics,Westlands,Nairobi,Nairobi,Kenya,SUB001,Mathematics,Term 1,FY2026,Cat 1,30,0.81,7500,No,Day,12
EDU-0171,STU-1171,Samuel Odhiambo Barasa,M,"Friday, 24 September 2010","Monday, 11 July 2022",8,Grade 7A,SCH003,Langata Plains School,Private,Langata,Nairobi,Nairobi,Kenya,Lurambi,Kakamega,Western,Kenya,T003,esther naliaka,F,Kiswahili,Kisumu East,Kisumu,Nyanza,Kenya,SUB003,Kiswahili,Term 1,FY2026,Practical,87,0.58,2500,No,Boarding,12
EDU-0174,STU-1174,Agnes Kilonzo Barasa,M,"Thursday, 23 May 2013","Thursday, 25 July 2024",8,Grade 9A,SCH006,Mvita Coast School,Public,Mvita,Mombasa,Coast,Kenya,Kisauni,Mombasa,Coast,Kenya,T006,daniel otieno,M,B/Studies,Eldoret East,Uasin Gishu,Rift Valley,Kenya,SUB006,B/Studies,Term 1,FY2026,Mid Term,56,0.73,0,No,Boarding,11
EDU-0176,STU-1176,Daisy Auma Kiplimo,M,"Thursday, 10 July 2014","Friday, 26 April 2024",8,Grade 9B,SCH008,Kisumu Lakeview School,Public,Kisumu East,Kisumu,Nyanza,Kenya,Embakasi East,Nairobi,Nairobi,Kenya,T002,BRIAN KIPTOO,M,English,Ruiru,Kiambu,Central,Kenya,SUB002,English,Term 1,FY2026,Mid Term,44,0.61,0,No,Day,10
EDU-0183,STU-1183,Daniel Auma Chege,M,"Thursday, 1 November 2012","Wednesday, 1 June 2022",9,Grade 8B,SCH003,Langata Plains School,Private,Langata,Nairobi,Nairobi,Kenya,Naivasha,Nakuru,Rift Valley,Kenya,T003,esther naliaka,F,Kiswahili,Kisumu East,Kisumu,Nyanza,Kenya,SUB003,Kiswahili,Term 1,FY2026,End Term,68,0.86,7500,No,Hybrid,10
EDU-0186,STU-1186,Mercy Moraa Ali,M,"Tuesday, 19 May 2015","Thursday, 27 June 2024",9,Grade 9A,SCH006,Mvita Coast School,Public,Mvita,Mombasa,Coast,Kenya,Eldoret East,Uasin Gishu,Rift Valley,Kenya,T006,daniel otieno,M,B/Studies,Eldoret East,Uasin Gishu,Rift Valley,Kenya,SUB006,B/Studies,Term 1,FY2026,Cat 1,92,0.8,5000,No,Boarding,9
EDU-0188,STU-1188,Faith Makena Were,M,"Monday, 27 July 2015","Tuesday, 5 December 2023",9,Grade 9B,SCH008,Kisumu Lakeview School,Public,Kisumu East,Kisumu,Nyanza,Kenya,Langata,Nairobi,Nairobi,Kenya,T002,BRIAN KIPTOO,M,English,Ruiru,Kiambu,Central,Kenya,SUB002,English,Term 1,FY2026,End Term,31,0.75,5000,No,Day,8
EDU-0189,STU-1189,Irene Mburu Omondi,M,"Friday, 17 January 2014","Saturday, 9 September 2023",8,Grade 7A,SCH009,Eldoret Valley Academy,Private,Eldoret East,Uasin Gishu,Rift Valley,Kenya,Kisauni,Mombasa,Coast,Kenya,T003,esther naliaka,F,Kiswahili,Kisumu East,Kisumu,Nyanza,Kenya,SUB003,Kiswahili,Term 1,FY2026,Mid Term,60,0.59,15000,No,Boarding,10
EDU-0192,STU-1192,Kevin Makena Mohamed,M,"Thursday, 23 July 2015","Tuesday, 21 May 2024",8,Grade 7A,SCH012,Naivasha Bright School,Public,Naivasha,Nakuru,Rift Valley,Kenya,Ruiru,Kiambu,Central,Kenya,T006,daniel otieno,M,B/Studies,Eldoret East,Uasin Gishu,Rift Valley,Kenya,SUB006,B/Studies,Term 1,FY2026,Cat 1,30,0.58,1200,No,Day,9
EDU-0194,STU-1194,Nelly Wafula Korir,M,"Saturday, 18 May 2013","Monday, 15 July 2024",9,Grade 7B,SCH002,Ambakasi Hope Junior,Public,Embakasi East,Nairobi,Nairobi,Kenya,Lurambi,Nairobi,Western,Kenya,T002,BRIAN KIPTOO,M,English,Ruiru,Kiambu,Central,Kenya,SUB002,English,Term 1,FY2026,Project,70,0.57,7500,No,Hybrid,11
EDU-0197,STU-1197,Gladys Jepchirchir Muthama,M,"Wednesday, 21 May 2014","Friday, 7 June 2024",8,Grade 9B,SCH005,Thika Digital Academy,Private,Thika Town,Kiambu,Central,Kenya,Kisumu East,Kisumu,Nyanza,Kenya,T005,fatuma ali,F,Comp/Studies,Mvita,Mombasa,Coast,Kenya,SUB005,Comp/Studies,Term 1,FY2026,Mid Term,90,0.72,2500,No,Boarding,10
EDU-0198,STU-1198,Gladys Kiplagat Wario,M,"Monday, 9 August 2010","Monday, 30 September 2024",9,Grade 7B,SCH006,Mvita Coast School,Public,Mvita,Mombasa,Coast,Kenya,Athi River,Machakos,Eastern,Kenya,T006,daniel otieno,M,B/Studies,Eldoret East,Uasin Gishu,Rift Valley,Kenya,SUB006,B/Studies,Term 1,FY2026,End Term,84,0.59,2500,No,Boarding,14
EDU-0204,STU-1204,Abdi Barasa Mbugua,M,"Sunday, 14 October 2012","Sunday, 30 January 2022",7,Grade 8A,SCH012,Naivasha Bright School,Public,Naivasha,Nakuru,Rift Valley,Kenya,Mvita,Mombasa,Coast,Kenya,T006,daniel otieno,M,B/Studies,Eldoret East,Uasin Gishu,Rift Valley,Kenya,SUB006,B/Studies,Term 1,FY2026,Mid Term,0,0.67,5000,No,Day,9
EDU-0209,STU-1209,Caroline Kilonzo Mwangi,M,"Wednesday, 12 March 2014","Wednesday, 6 September 2023",8,Grade 7B,SCH005,Thika Digital Academy,Private,Thika Town,Kiambu,Central,Kenya,Eldoret East,Uasin Gishu,Rift Valley,Kenya,T005,fatuma ali,F,Comp/Studies,Mvita,Mombasa,Coast,Kenya,SUB005,Comp/Studies,Term 1,FY2026,Cat 1,53,0.68,1200,No,Day,9
EDU-0211,STU-1211,Allan Barasa Kamau,M,"Wednesday, 4 April 2012","Tuesday, 26 April 2022",8,Grade 9A,SCH007,Kisauni Future School,Private,Kisauni,Mombasa,Coast,Kenya,Ruiru,Kiambu,Central,Kenya,T001,AMINA WANJIRU,F,Mathematics,Westlands,Nairobi,Nairobi,Kenya,SUB001,Mathematics,Term 1,FY2026,Mid Term,78,0.68,5000,No,Day,10
EDU-0214,STU-1214,Collins Odhiambo Njuguna,M,"Sunday, 20 March 2011","Monday, 18 September 2023",7,Grade 7B,SCH010,Lurambi Green School,Public,Lurambi,Kakamega,Western,Kenya,Westlands,Nairobi,Nairobi,Kenya,T004,peter mwangi,M,Biology,Thika Town,Kiambu,Central,Kenya,SUB004,Biology,Term 1,FY2026,Cat 2,58,0.93,7500,No,Boarding,13
EDU-0217,STU-1217,David Muthoni Korir,M,"Sunday, 5 January 2014","Friday, 25 March 2022",8,Grade 8A,SCH001,Garden Court Academy,Private,Westlands,Nairobi,Nairobi,Kenya,Athi River,Machakos,Eastern,Kenya,T001,AMINA WANJIRU,F,Mathematics,Westlands,Nairobi,Nairobi,Kenya,SUB001,Mathematics,Term 1,FY2026,Project,25,0.8,15000,No,Hybrid,8
EDU-0219,STU-1219,Collins Omondi Muthama,M,"Monday, 2 April 2012","Wednesday, 15 November 2023",8,Grade 7B,SCH003,Langata Plains School,Private,Langata,Nairobi,Nairobi,Kenya,Thika Town,Kiambu,Central,Kenya,T003,esther naliaka,F,Kiswahili,Kisumu East,Kisumu,Nyanza,Kenya,SUB003,Kiswahili,Term 1,FY2026,Practical,87,0.79,15000,No,Day,12
EDU-0220,STU-1220,Herbert Wanjiru Cheruiyot,M,"Monday, 30 May 2011","Monday, 20 March 2023",8,Grade 9A,SCH004,Ruiru Sunrise School,Public,Ruiru,Kiambu,Central,Kenya,Kisumu East,Kisumu,Nyanza,Kenya,T004,peter mwangi,M,Biology,Thika Town,Kiambu,Central,Kenya,SUB004,Biology,Term 1,FY2026,Practical,23,0.86,0,No,Day,12
EDU-0223,STU-1223,Purity Jepchirchir Mburu,M,"Tuesday, 6 August 2013","Monday, 12 September 2022",8,Grade 8A,SCH007,Kisauni Future School,Private,Kisauni,Mombasa,Coast,Kenya,Thika Town,Kiambu,Central,Kenya,T001,AMINA WANJIRU,F,Mathematics,Westlands,Nairobi,Nairobi,Kenya,SUB001,Mathematics,Term 1,FY2026,Mid Term,68,0.88,5000,No,Boarding,9
EDU-0224,STU-1224,Edna Omondi Maiyo,M,"Sunday, 18 November 2012","Wednesday, 29 June 2022",9,Grade 7A,SCH008,Kisumu Lakeview School,Public,Kisumu East,Kisumu,Nyanza,Kenya,Eldoret East,Uasin Gishu,Rift Valley,Kenya,T002,BRIAN KIPTOO,M,English,Ruiru,Kiambu,Central,Kenya,SUB002,English,Term 1,FY2026,Mid Term,74,0.89,1200,No,Day,10
EDU-0225,STU-1225,Ezra Nekesa Awino,M,"Tuesday, 28 January 2014","Thursday, 25 July 2024",9,Grade 9B,SCH009,Eldoret Valley Academy,Private,Eldoret East,Uasin Gishu,Rift Valley,Kenya,Naivasha,Nakuru,Rift Valley,Kenya,T003,esther naliaka,F,Kiswahili,Kisumu East,Kisumu,Nyanza,Kenya,SUB003,Kiswahili,Term 1,FY2026,Cat 1,76,0.72,15000,No,Boarding,10
EDU-0229,STU-1229,Doreen Nyambura Mohamed,M,"Wednesday, 2 June 2010","Sunday, 16 January 2022",7,Grade 8A,SCH001,Garden Court Academy,Private,Westlands,Nairobi,Nairobi,Kenya,Naivasha,Nakuru,Rift Valley,Kenya,T001,AMINA WANJIRU,F,Mathematics,Westlands,Nairobi,Nairobi,Kenya,SUB001,Mathematics,Term 1,FY2026,Practical,32,0.65,2500,No,Hybrid,12
EDU-0230,STU-1230,Cynthia Makena Chege,M,"Thursday, 17 May 2012","Monday, 21 March 2022",8,Grade 8B,SCH002,Ambakasi Hope Junior,Public,Embakasi East,Nairobi,Nairobi,Kenya,Langata,Nairobi,Nairobi,Kenya,T002,BRIAN KIPTOO,M,English,Ruiru,Kiambu,Central,Kenya,SUB002,English,Term 1,FY2026,Project,58,0.8,0,No,Boarding,10
EDU-0233,STU-1233,Martin Cherono Njeri,M,"Thursday, 1 July 2010","Sunday, 30 October 2022",7,Grade 7A,SCH005,Thika Digital Academy,Private,Thika Town,Kiambu,Central,Kenya,Westlands,Nairobi,Nairobi,Kenya,T005,fatuma ali,F,Comp/Studies,Mvita,Mombasa,Coast,Kenya,SUB005,Comp/Studies,Term 1,FY2026,Cat 2,91,0.84,0,No,Boarding,12
EDU-0234,STU-1234,Ruth Ochieng Bett,M,"Thursday, 19 August 2010","Friday, 29 April 2022",8,Grade 7A,SCH006,Mvita Coast School,Public,Mvita,Mombasa,Coast,Kenya,Ruiru,Kiambu,Central,Kenya,T006,daniel otieno,M,B/Studies,Eldoret East,Uasin Gishu,Rift Valley,Kenya,SUB006,B/Studies,Term 1,FY2026,End Term,56,0.72,0,No,Hybrid,12
EDU-0237,STU-1237,Evans Wanjala Rono,M,"Friday, 17 July 2015","Tuesday, 17 October 2023",7,Grade 8B,SCH009,Eldoret Valley Academy,Private,Eldoret East,Uasin Gishu,Rift Valley,Kenya,Westlands,Nairobi,Nairobi,Kenya,T003,esther naliaka,F,Kiswahili,Kisumu East,Kisumu,Nyanza,Kenya,SUB003,Kiswahili,Term 1,FY2026,Practical,22,0.69,5000,No,Boarding,8
EDU-0252,STU-1252,Moureen Njoki Gichuru,M,"Monday, 5 July 2010","Thursday, 21 March 2024",8,Grade 9B,SCH012,Naivasha Bright School,Public,Naivasha,Nakuru,Rift Valley,Kenya,Westlands,Nairobi,Nairobi,Kenya,T006,daniel otieno,M,B/Studies,Eldoret East,Uasin Gishu,Rift Valley,Kenya,SUB006,B/Studies,Term 1,FY2026,Mid Term,94,0.68,15000,No,Boarding,14
EDU-0254,STU-1254,Martin Ochieng Achieng,M,"Monday, 22 June 2015","Thursday, 4 January 2024",9,Grade 8B,SCH002,Ambakasi Hope Junior,Public,Embakasi East,Nairobi,Nairobi,Kenya,Kisauni,Mombasa,Coast,Kenya,T002,BRIAN KIPTOO,M,English,Ruiru,Kiambu,Central,Kenya,SUB002,English,Term 1,FY2026,Practical,53,0.93,0,No,Day,9
EDU-0255,STU-1255,Sharon Njoroge Maalim,M,"Tuesday, 21 February 2012","Sunday, 18 August 2024",9,Grade 9A,SCH003,Langata Plains School,Private,Langata,Nairobi,Nairobi,Kenya,Lurambi,Kakamega,Western,Kenya,T003,esther naliaka,F,Kiswahili,Kisumu East,Kisumu,Nyanza,Kenya,SUB003,Kiswahili,Term 1,FY2026,Project,0,0.67,1200,No,Day,12
EDU-0263,STU-1263,Doreen Makena Wekesa,M,"Saturday, 23 May 2015","Wednesday, 16 February 2022",8,Grade 9A,SCH011,Athi River Stem School,Private,Athi River,Machakos,Eastern,Kenya,Athi River,Machakos,Eastern,Kenya,T005,fatuma ali,F,Comp/Studies,Mvita,Mombasa,Coast,Kenya,SUB005,Comp/Studies,Term 1,FY2026,Mid Term,37,0.81,1200,No,Day,7
EDU-0266,STU-1266,Joy Jepchirchir Wario,M,"Wednesday, 20 March 2013","Sunday, 24 July 2022",9,Grade 8B,SCH002,Ambakasi Hope Junior,Public,Embakasi East,Nairobi,Nairobi,Kenya,Eldoret East,Uasin Gishu,Rift Valley,Kenya,T002,BRIAN KIPTOO,M,English,Ruiru,Kiambu,Central,Kenya,SUB002,English,Term 1,FY2026,Cat 2,92,0.94,0,No,Day,9
EDU-0269,STU-1269,Stephen Nekesa Cheruiyot,M,"Tuesday, 2 February 2010","Friday, 8 September 2023",7,Grade 8B,SCH005,Thika Digital Academy,Private,Thika Town,Kiambu,Central,Kenya,Mvita,Mombasa,Coast,Kenya,T005,fatuma ali,F,Comp/Studies,Mvita,Mombasa,Coast,Kenya,SUB005,Comp/Studies,Term 1,FY2026,Mid Term,91,0.96,7500,No,Boarding,14
EDU-0273,STU-1273,Isaac Adhiambo Maiyo,M,"Thursday, 22 March 2012","Friday, 4 August 2023",8,Grade 8A,SCH009,Eldoret Valley Academy,Private,Eldoret East,Uasin Gishu,Rift Valley,Kenya,Kisauni,Mombasa,Coast,Kenya,T003,esther naliaka,F,Kiswahili,Kisumu East,Kisumu,Nyanza,Kenya,SUB003,Kiswahili,Term 1,FY2026,Project,56,0.88,2500,No,Hybrid,11
EDU-0279,STU-1279,Brian Cherono Kilonzo,M,"Tuesday, 4 October 2011","Thursday, 14 April 2022",7,Grade 7A,SCH003,Langata Plains School,Private,Langata,Nairobi,Nairobi,Kenya,Westlands,Nairobi,Nairobi,Kenya,T003,esther naliaka,F,Kiswahili,Kisumu East,Kisumu,Nyanza,Kenya,SUB003,Kiswahili,Term 1,FY2026,Practical,87,0.8,7500,No,Hybrid,11
EDU-0281,STU-1281,Silas Kilonzo Mohamed,M,"Thursday, 4 December 2014","Monday, 20 February 2023",8,Grade 7A,SCH005,Thika Digital Academy,Private,Thika Town,Kiambu,Central,Kenya,Kisumu East,Kisumu,Nyanza,Kenya,T005,fatuma ali,F,Comp/Studies,Mvita,Mombasa,Coast,Kenya,SUB005,Comp/Studies,Term 1,FY2026,Cat 1,94,0.93,1200,No,Day,8
EDU-0283,STU-1283,Christine Nyanchama Hussein,M,"Thursday, 17 October 2013","Tuesday, 21 March 2023",9,Grade 7B,SCH007,Kisauni Future School,Private,Kisauni,Mombasa,Coast,Kenya,Embakasi East,Nairobi,Nairobi,Kenya,T001,AMINA WANJIRU,F,Mathematics,Westlands,Nairobi,Nairobi,Kenya,SUB001,Mathematics,Term 1,FY2026,Mid Term,38,0.98,1200,No,Day,9
EDU-0287,STU-1287,Christine Jepchirchir Bwire,M,"Monday, 25 August 2014","Monday, 9 January 2023",8,Grade 9B,SCH011,Athi River Stem School,Private,Athi River,Machakos,Eastern,Kenya,Langata,Nairobi,Nairobi,Kenya,T005,fatuma ali,F,Comp/Studies,Mvita,Mombasa,Coast,Kenya,SUB005,Comp/Studies,Term 1,FY2026,Cat 1,4,0.62,0,No,Day,8
EDU-0290,STU-1290,Mercy Wafula Bwire,M,"Saturday, 13 September 2014","Saturday, 23 March 2024",9,Grade 8A,SCH002,Ambakasi Hope Junior,Public,Embakasi East,Nairobi,Nairobi,Kenya,Naivasha,Nakuru,Rift Valley,Kenya,T002,BRIAN KIPTOO,M,English,Ruiru,Kiambu,Central,Kenya,SUB002,English,Term 1,FY2026,Practical,56,0.98,0,No,Boarding,10
EDU-0291,STU-1291,Peter Naliaka Nyongesa,M,"Tuesday, 7 June 2011","Sunday, 22 October 2023",9,Grade 8B,SCH003,Langata Plains School,Private,Langata,Nairobi,Nairobi,Kenya,Langata,Nairobi,Nairobi,Kenya,T003,esther naliaka,F,Kiswahili,Kisumu East,Kisumu,Nyanza,Kenya,SUB003,Kiswahili,Term 1,FY2026,Practical,76,0.74,1200,No,Boarding,12
EDU-0292,STU-1292,Leonard Nekesa Achieng,M,"Saturday, 16 October 2010","Thursday, 8 June 2023",9,Grade 7A,SCH004,Ruiru Sunrise School,Public,Ruiru,Kiambu,Central,Kenya,Mvita,Mombasa,Coast,Kenya,T004,peter mwangi,M,Biology,Thika Town,Kiambu,Central,Kenya,SUB004,Biology,Term 1,FY2026,Cat 1,28,0.91,2500,No,Hybrid,13
EDU-0297,STU-1297,Elijah Akinyi Abdi,M,"Friday, 24 June 2011","Friday, 20 September 2024",8,Grade 7B,SCH009,Eldoret Valley Academy,Private,Eldoret East,Uasin Gishu,Rift Valley,Kenya,Lurambi,Kakamega,Western,Kenya,T003,esther naliaka,F,Kiswahili,Kisumu East,Kisumu,Nyanza,Kenya,SUB003,Kiswahili,Term 1,FY2026,Practical,91,0.69,2500,No,Day,13
EDU-0299,STU-1299,Stephen Ochieng Onyango,M,"Saturday, 9 May 2015","Wednesday, 29 November 2023",8,Grade 9A,SCH011,Athi River Stem School,Private,Athi River,Machakos,Eastern,Kenya,Ruiru,Kiambu,Central,Kenya,T005,fatuma ali,F,Comp/Studies,Mvita,Mombasa,Coast,Kenya,SUB005,Comp/Studies,Term 1,FY2026,Mid Term,40,0.8,1200,No,Hybrid,9
EDU-0302,STU-1302,Phyllis Mwikali Muthama,M,"Saturday, 19 October 2013","Saturday, 22 June 2024",8,Grade 7B,SCH002,Ambakasi Hope Junior,Public,Embakasi East,Nairobi,Nairobi,Kenya,Embakasi East,Nairobi,Nairobi,Kenya,T002,BRIAN KIPTOO,M,English,Ruiru,Kiambu,Central,Kenya,SUB002,English,Term 1,FY2026,Practical,42,0.72,7500,No,Day,11
EDU-0304,STU-1304,Grace Atieno Duale,M,"Thursday, 14 April 2011","Wednesday, 30 August 2023",7,Grade 8B,SCH004,Ruiru Sunrise School,Public,Ruiru,Kiambu,Central,Kenya,Kisumu East,Kisumu,Nyanza,Kenya,T004,peter mwangi,M,Biology,Thika Town,Kiambu,Central,Kenya,SUB004,Biology,Term 1,FY2026,End Term,83,0.82,1200,No,Boarding,12
EDU-0316,STU-1316,Leonard Wekesa Wanjala,M,"Saturday, 25 January 2014","Monday, 3 April 2023",7,Grade 7A,SCH004,Ruiru Sunrise School,Public,Ruiru,Kiambu,Central,Kenya,Lurambi,Kakamega,Western,Kenya,T004,peter mwangi,M,Biology,Thika Town,Kiambu,Central,Kenya,SUB004,Biology,Term 1,FY2026,Mid Term,69,0.7,5000,No,Hybrid,9
EDU-0318,STU-1318,Evans Akinyi Mbugua,M,"Friday, 27 June 2014","Tuesday, 25 October 2022",7,Grade 7A,SCH006,Mvita Coast School,Public,Mvita,Mombasa,Coast,Kenya,Ruiru,Kiambu,Central,Kenya,T006,daniel otieno,M,B/Studies,Eldoret East,Uasin Gishu,Rift Valley,Kenya,SUB006,B/Studies,Term 1,FY2026,Cat 1,61,0.8,5000,No,Day,8
EDU-0319,STU-1319,Nelly Nyanchama Kamau,M,"Tuesday, 12 May 2015","Friday, 17 November 2023",7,Grade 9B,SCH007,Kisauni Future School,Private,Kisauni,Mombasa,Coast,Kenya,Kisauni,Mombasa,Coast,Kenya,T001,AMINA WANJIRU,F,Mathematics,Westlands,Nairobi,Nairobi,Kenya,SUB001,Mathematics,Term 1,FY2026,End Term,56,0.75,15000,No,Boarding,9
EDU-0322,STU-1322,Rose Achieng Ali,M,"Monday, 27 December 2010","Monday, 29 April 2024",8,Grade 9A,SCH010,Lurambi Green School,Public,Lurambi,Kakamega,Western,Kenya,Thika Town,Kiambu,Central,Kenya,T004,peter mwangi,M,Biology,Thika Town,Kiambu,Central,Kenya,SUB004,Biology,Term 1,FY2026,Practical,40,0.8,15000,No,Boarding,13
EDU-0006,STU-1006,Ezra Nekesa Hussein,M,"Thursday, 28 May 2015","Monday, 28 February 2022",9,Grade 7A,SCH006,Mvita Coast School,Public,Mvita,Mombasa,Coast,Kenya,Kisauni,Mombasa,Coast,Kenya,T006,daniel otieno,M,B/Studies,Eldoret East,Uasin Gishu,Rift Valley,Kenya,SUB006,B/Studies,Term 1,FY2026,Practical,81,0.69,2500,Yes,Boarding,7
EDU-0007,STU-1007,Peter Kiplagat Achieng,F,"Tuesday, 14 January 2014","Monday, 15 May 2023",7,Grade 9A,SCH007,Kisauni Future School,Private,Kisauni,Mombasa,Coast,Kenya,Athi River,Machakos,Eastern,Kenya,T001,AMINA WANJIRU,F,Mathematics,Westlands,Nairobi,Nairobi,Kenya,SUB001,Mathematics,Term 1,FY2026,Cat 1,75,0.58,10000,Yes,Day,9
EDU-0015,STU-1015,Lians Muthoni Chebet,F,"Sunday, 13 September 2015","Sunday, 16 June 2024",8,Grade 9B,SCH003,Langata Plains School,Private,Langata,Nairobi,Nairobi,Kenya,Naivasha,Nakuru,Rift Valley,Kenya,T003,esther naliaka,F,Kiswahili,Kisumu East,Kisumu,Nyanza,Kenya,SUB003,Kiswahili,Term 1,FY2026,End Term,41,0.76,2500,Yes,Boarding,9
EDU-0018,STU-1018,Lucy Odhiambo Mwangi,M,"Monday, 31 March 2014","Saturday, 15 October 2022",7,Grade 9B,SCH006,Mvita Coast School,Public,Mvita,Mombasa,Coast,Kenya,Eldoret East,Uasin Gishu,Rift Valley,Kenya,T006,daniel otieno,M,B/Studies,Eldoret East,Uasin Gishu,Rift Valley,Kenya,SUB006,B/Studies,Term 1,FY2026,Mid Term,50,0.59,5000,Yes,Hybrid,9
EDU-0027,STU-1027,Abdi Mburu Kipsang,M,"Wednesday, 10 June 2015","Sunday, 29 May 2022",8,Grade 7B,SCH003,Langata Plains School,Private,Langata,Nairobi,Nairobi,Kenya,Westlands,Nairobi,Nairobi,Kenya,T003,esther naliaka,F,Kiswahili,Kisumu East,Kisumu,Nyanza,Kenya,SUB003,Kiswahili,Term 1,FY2026,End Term,27,0.87,7500,Yes,Boarding,7
EDU-0029,STU-1029,Victor Mutua Maalim,F,"Saturday, 28 September 2013","Thursday, 2 May 2024",7,Grade 8B,SCH005,Thika Digital Academy,Private,Thika Town,Kiambu,Central,Kenya,Kisumu East,Kisumu,Nyanza,Kenya,T005,fatuma ali,F,Comp/Studies,Mvita,Mombasa,Coast,Kenya,SUB005,Comp/Studies,Term 1,FY2026,Cat 2,56,0.92,7500,Yes,Day,11
EDU-0030,STU-1030,Linda Adhiambo Kiplimo,F,"Sunday, 24 April 2011","Monday, 19 September 2022",9,Grade 7A,SCH006,Mvita Coast School,Public,Mvita,Mombasa,Coast,Kenya,Athi River,Machakos,Eastern,Kenya,T006,daniel otieno,M,B/Studies,Eldoret East,Uasin Gishu,Rift Valley,Kenya,SUB006,B/Studies,Term 1,FY2026,End Term,93,0.99,15000,Yes,Boarding,11
EDU-0035,STU-1035,Caroline Koech Odhiambo,F,"Monday, 24 March 2014","Wednesday, 24 August 2022",7,Grade 9B,SCH011,Athi River Stem School,Private,Athi River,Machakos,Eastern,Kenya,Langata,Nairobi,Nairobi,Kenya,T005,fatuma ali,F,Comp/Studies,Mvita,Mombasa,Coast,Kenya,SUB005,Comp/Studies,Term 1,FY2026,Mid Term,77,1,10000,Yes,Boarding,8
EDU-0036,STU-1036,Evans Atieno Nyaga,M,"Friday, 18 February 2011","Wednesday, 8 June 2022",8,Grade 8A,SCH012,Naivasha Bright School,Public,Naivasha,Nakuru,Rift Valley,Kenya,Mvita,Mombasa,Coast,Kenya,T006,daniel otieno,M,B/Studies,Eldoret East,Uasin Gishu,Rift Valley,Kenya,SUB006,B/Studies,Term 1,FY2026,End Term,85,0.6,2500,Yes,Hybrid,11
EDU-0037,STU-1037,Ruth Kiptoo Achieng,F,"Sunday, 5 April 2015","Wednesday, 21 June 2023",7,Grade 9A,SCH001,Garden Court Academy,Private,Westlands,Nairobi,Nairobi,Kenya,Eldoret East,Uasin Gishu,Rift Valley,Kenya,T001,AMINA WANJIRU,F,Mathematics,Westlands,Nairobi,Nairobi,Kenya,SUB001,Mathematics,Term 1,FY2026,Mid Term,106,0.72,1200,Yes,Hybrid,8
EDU-0039,STU-1039,Peter Wekesa Ochieng,M,"Saturday, 19 October 2013","Sunday, 24 December 2023",7,Grade 8A,SCH003,Langata Plains School,Private,Langata,Nairobi,Nairobi,Kenya,Langata,Nairobi,Nairobi,Kenya,T003,esther naliaka,F,Kiswahili,Kisumu East,Kisumu,Nyanza,Kenya,SUB003,Kiswahili,Term 1,FY2026,Practical,77,0.74,0,Yes,Day,10
EDU-0043,STU-1043,Mary Kariuki Musyoka,F,"Sunday, 10 July 2011","Friday, 1 March 2024",8,Grade 9A,SCH007,Kisauni Future School,Private,Kisauni,Mombasa,Coast,Kenya,Ruiru,Kiambu,Central,Kenya,T001,AMINA WANJIRU,F,Mathematics,Westlands,Nairobi,Nairobi,Kenya,SUB001,Mathematics,Term 1,FY2026,End Term,29,0.8,1200,Yes,Hybrid,13
EDU-0048,STU-1048,Phyllis Kilonzo Kiprono,F,"Saturday, 3 July 2010","Tuesday, 30 January 2024",7,Grade 9B,SCH012,Naivasha Bright School,Public,Naivasha,Nakuru,Rift Valley,Kenya,Kisauni,Mombasa,Coast,Kenya,T006,daniel otieno,M,B/Studies,Eldoret East,Uasin Gishu,Rift Valley,Kenya,SUB006,B/Studies,Term 1,FY2026,Cat 2,72,0.85,7500,Yes,Hybrid,14
EDU-0049,STU-1049,Oscar Barasa Njuguna,M,"Friday, 5 February 2010","Thursday, 22 August 2024",8,Grade 7A,SCH001,Garden Court Academy,Private,Westlands,Nairobi,Nairobi,Kenya,Athi River,Machakos,Eastern,Kenya,T001,AMINA WANJIRU,F,Mathematics,Westlands,Nairobi,Nairobi,Kenya,SUB001,Mathematics,Term 1,FY2026,Mid Term,31,0.89,0,Yes,Boarding,15
EDU-0051,STU-1051,Zainab Nyanchama Muli,M,"Friday, 27 July 2012","Thursday, 5 September 2024",7,Grade 7A,SCH003,Langata Plains School,Private,Langata,Nairobi,Nairobi,Kenya,Thika Town,Kiambu,Central,Kenya,T003,esther naliaka,F,Kiswahili,Kisumu East,Kisumu,Nyanza,Kenya,SUB003,Kiswahili,Term 1,FY2026,Mid Term,0,0.69,0,Yes,Hybrid,12
EDU-0052,STU-1052,Irene Kiplagat Maalim,F,"Tuesday, 3 February 2015","Saturday, 16 September 2023",8,Grade 8B,SCH004,Ruiru Sunrise School,Public,Ruiru,Kiambu,Central,Kenya,Kisumu East,Kisumu,Nyanza,Kenya,T004,peter mwangi,M,Biology,Thika Town,Kiambu,Central,Kenya,SUB004,Biology,Term 1,FY2026,Mid Term,56,0.9,0,Yes,Day,9
EDU-0053,STU-1053,Irene Mwikali Mutai,M,"Thursday, 6 March 2014","Monday, 24 October 2022",9,Grade 9B,SCH005,Thika Digital Academy,Private,Thika Town,Kiambu,Central,Kenya,Athi River,Machakos,Eastern,Kenya,T005,fatuma ali,F,Comp/Studies,Mvita,Mombasa,Coast,Kenya,SUB005,Comp/Studies,Term 1,FY2026,Practical,71,0.88,15000,Yes,Day,9
EDU-0058,STU-1058,Peter Auma Wekesa,F,"Monday, 16 July 2012","Wednesday, 26 June 2024",9,Grade 7A,SCH010,Lurambi Green School,Public,Lurambi,Kakamega,Western,Kenya,Langata,Nairobi,Nairobi,Kenya,T004,peter mwangi,M,Biology,Thika Town,Kiambu,Central,Kenya,SUB004,Biology,Term 1,FY2026,Practical,56,0.64,1200,Yes,Boarding,12
EDU-0062,STU-1062,Allan Mutua Ali,M,"Friday, 27 February 2015","Monday, 15 May 2023",7,Grade 7B,SCH002,Ambakasi Hope Junior,Public,Embakasi East,Nairobi,Nairobi,Kenya,Langata,Nairobi,Nairobi,Kenya,T002,BRIAN KIPTOO,M,English,Ruiru,Kiambu,Central,Kenya,SUB002,English,Term 1,FY2026,Cat 2,79,0.8,1200,Yes,Boarding,8
EDU-0065,STU-1065,Bridgit Njoroge Korir,M,"Wednesday, 1 September 2010","Thursday, 7 March 2024",9,Grade 8B,SCH005,Thika Digital Academy,Private,Thika Town,Kiambu,Central,Kenya,Westlands,Nairobi,Nairobi,Kenya,T005,fatuma ali,F,Comp/Studies,Mvita,Mombasa,Coast,Kenya,SUB005,Comp/Studies,Term 1,FY2026,Cat 1,44,0.55,15000,Yes,Hybrid,14
EDU-0068,STU-1068,Zainab Maina Mwakio,F,"Friday, 2 December 2011","Saturday, 13 August 2022",8,Grade 8B,SCH008,Kisumu Lakeview School,Public,Kisumu East,Kisumu,Nyanza,Kenya,Lurambi,Kakamega,Western,Kenya,T002,BRIAN KIPTOO,M,English,Ruiru,Kiambu,Central,Kenya,SUB002,English,Term 1,FY2026,Practical,0,1,0,Yes,Boarding,11
EDU-0085,STU-1085,George Njoroge Muthama,F,"Thursday, 13 May 2010","Saturday, 7 September 2024",7,Grade 8B,SCH001,Garden Court Academy,Private,Westlands,Nairobi,Nairobi,Kenya,Ruiru,Kiambu,Central,Kenya,T001,AMINA WANJIRU,F,Mathematics,Westlands,Nairobi,Nairobi,Kenya,SUB001,Mathematics,Term 1,FY2026,End Term,0,0.77,0,Yes,Day,14
EDU-0089,STU-1089,Jemimah Auma Kipsang,M,"Saturday, 21 January 2012","Thursday, 29 August 2024",7,Grade 9A,Unknown,Thika Digital Academy,Private,Thika Town,Kiambu,Central,Kenya,Ruiru,Kiambu,Central,Kenya,T005,fatuma ali,F,Comp/Studies,Mvita,Mombasa,Coast,Kenya,SUB005,Comp/Studies,Term 1,FY2026,Cat 2,31,0.6,1200,Yes,Day,13
EDU-0096,STU-1096,Hassan Kiptoo Odhiambo,F,"Saturday, 23 October 2010","Wednesday, 25 January 2023",7,Grade 7B,SCH012,Naivasha Bright School,Public,Naivasha,Nakuru,Rift Valley,Kenya,Embakasi East,Nairobi,Nairobi,Kenya,T006,daniel otieno,M,B/Studies,Eldoret East,Uasin Gishu,Rift Valley,Kenya,SUB006,B/Studies,Term 1,FY2026,Cat 1,51,0.73,7500,Yes,Hybrid,12
EDU-0105,STU-1105,Fatuma Jepchirchir Hussein,F,"Friday, 14 October 2011","Tuesday, 27 August 2024",9,Grade 8B,SCH009,Eldoret Valley Academy,Private,Eldoret East,Uasin Gishu,Rift Valley,Kenya,Kisauni,Mombasa,Coast,Kenya,T003,esther naliaka,F,Kiswahili,Kisumu East,Kisumu,Nyanza,Kenya,SUB003,Kiswahili,Term 1,FY2026,Project,81,0.83,2500,Yes,Day,13
EDU-0110,STU-1110,Bridgit Wanjala Duale,F,"Thursday, 17 September 2015","Thursday, 24 February 2022",8,Grade 9B,SCH002,Ambakasi Hope Junior,Public,Embakasi East,Nairobi,Nairobi,Kenya,Lurambi,Kakamega,Western,Kenya,T002,BRIAN KIPTOO,M,English,Ruiru,Kiambu,Central,Kenya,SUB002,English,Term 1,FY2026,Mid Term,27,0.97,5000,Yes,Hybrid,6
EDU-0111,STU-1111,Navas Chebet Odhiambo,F,"Friday, 20 January 2012","Friday, 22 April 2022",8,Grade 9A,SCH003,Langata Plains School,Private,Langata,Nairobi,Nairobi,Kenya,Westlands,Nairobi,Nairobi,Kenya,T003,esther naliaka,F,Kiswahili,Kisumu East,Kisumu,Nyanza,Kenya,SUB003,Kiswahili,Term 1,FY2026,Mid Term,106,0.58,0,Yes,Day,10
EDU-0112,STU-1112,Hellen Mutua Wambua,F,"Tuesday, 11 June 2013","Thursday, 4 August 2022",9,Grade 7A,SCH004,Ruiru Sunrise School,Public,Ruiru,Kiambu,Central,Kenya,Thika Town,Kiambu,Central,Kenya,T004,peter mwangi,M,Biology,Thika Town,Kiambu,Central,Kenya,SUB004,Biology,Term 1,FY2026,Mid Term,29,0.74,2500,Yes,Day,9
EDU-0115,STU-1115,Hassan Nyambura Gichuru,F,"Tuesday, 23 July 2013","Tuesday, 29 November 2022",8,Grade 9B,SCH007,Kisauni Future School,Private,Kisauni,Mombasa,Coast,Kenya,Embakasi East,Nairobi,Nairobi,Kenya,T001,AMINA WANJIRU,F,Mathematics,Westlands,Nairobi,Nairobi,Kenya,SUB001,Mathematics,Term 1,FY2026,Practical,92,0.8,10000,Yes,Hybrid,9
EDU-0120,STU-1120,Moureen Kiptoo Mutai,M,"Saturday, 11 June 2011","Wednesday, 31 August 2022",8,Grade 7A,SCH012,Naivasha Bright School,Public,Naivasha,Nakuru,Rift Valley,Kenya,Mvita,Mombasa,Coast,Kenya,T006,daniel otieno,M,B/Studies,Eldoret East,Uasin Gishu,Rift Valley,Kenya,SUB006,B/Studies,Term 1,FY2026,Mid Term,51,0.86,1200,Yes,Day,11
EDU-0121,STU-1121,Winnie Makena Njeri,F,"Tuesday, 27 July 2010","Thursday, 30 May 2024",8,Grade 8B,SCH001,Garden Court Academy,Private,Westlands,Nairobi,Nairobi,Kenya,Eldoret East,Uasin Gishu,Rift Valley,Kenya,T001,AMINA WANJIRU,F,Mathematics,Westlands,Nairobi,Nairobi,Kenya,SUB001,Mathematics,Term 1,FY2026,Cat 1,23,0.58,5000,Yes,Day,14
EDU-0122,STU-1122,Silas Auma Abdi,M,"Thursday, 1 November 2012","Thursday, 22 June 2023",9,Grade 8A,SCH002,Ambakasi Hope Junior,Public,Embakasi East,Nairobi,Nairobi,Kenya,Naivasha,Nakuru,Rift Valley,Kenya,T002,BRIAN KIPTOO,M,English,Ruiru,Kiambu,Central,Kenya,SUB002,English,Term 1,FY2026,Project,34,0.66,2500,Yes,Hybrid,11
EDU-0137,STU-1137,Millicent Akinyi Muthama,M,"Tuesday, 14 April 2015","Thursday, 9 November 2023",8,Grade 7B,SCH005,Thika Digital Academy,Private,Thika Town,Kiambu,Central,Kenya,Athi River,Machakos,Eastern,Kenya,T005,fatuma ali,F,Comp/Studies,Mvita,Mombasa,Coast,Kenya,SUB005,Comp/Studies,Term 1,FY2026,Cat 1,68,0.68,5000,Yes,Day,9
EDU-0141,STU-1141,Joseph Wafula Kimutai,F,"Friday, 11 July 2014","Monday, 22 April 2024",7,Grade 7B,SCH009,Eldoret Valley Academy,Private,Eldoret East,Uasin Gishu,Rift Valley,Kenya,Naivasha,Nakuru,Rift Valley,Kenya,T003,esther naliaka,F,Kiswahili,Kisumu East,Kisumu,Nyanza,Kenya,SUB003,Kiswahili,Term 1,FY2026,Cat 1,70,0.85,10000,Yes,Day,10
EDU-0151,STU-1151,Patrick Koech Cheruiyot,M,"Friday, 18 January 2013","Sunday, 29 January 2023",7,Grade 9B,SCH007,Kisauni Future School,Private,Kisauni,Mombasa,Coast,Kenya,Kisauni,Mombasa,Coast,Kenya,T001,AMINA WANJIRU,F,Mathematics,Westlands,Nairobi,Nairobi,Kenya,SUB001,Mathematics,Term 1,FY2026,Cat 3,65,0.59,0,Yes,Boarding,10
EDU-0152,STU-1152,Susan Akinyi Mohamed,F,"Sunday, 18 May 2014","Sunday, 4 February 2024",7,Grade 8A,SCH008,Kisumu Lakeview School,Public,Kisumu East,Kisumu,Nyanza,Kenya,Lurambi,Kakamega,Western,Kenya,T002,BRIAN KIPTOO,M,English,Ruiru,Kiambu,Central,Kenya,SUB002,English,Term 1,FY2026,End Term,40,0.57,0,Yes,Day,10
EDU-0154,STU-1154,Navas Wafula Oduor,M,"Tuesday, 12 July 2011","Saturday, 23 March 2024",7,Grade 9A,SCH010,Lurambi Green School,Public,Lurambi,Kakamega,Western,Kenya,Thika Town,Kiambu,Central,Kenya,T004,peter mwangi,M,Biology,Thika Town,Kiambu,Central,Kenya,SUB004,Biology,Term 1,FY2026,Mid Term,38,0.59,7500,Yes,Boarding,13
EDU-0158,STU-1158,Isaac Wanjiru Musyoka,M,"Wednesday, 18 January 2012","Thursday, 18 August 2022",8,Grade 9B,SCH002,Ambakasi Hope Junior,Public,Embakasi East,Nairobi,Nairobi,Kenya,Thika Town,Kiambu,Central,Kenya,T002,BRIAN KIPTOO,M,English,Ruiru,Kiambu,Central,Kenya,SUB002,English,Term 1,FY2026,Mid Term,22,0.86,5000,Yes,Day,11
EDU-0160,STU-1160,Hassan Maina Kilonzo,M,"Tuesday, 5 March 2013","Tuesday, 30 January 2024",9,Grade 8B,SCH004,Ruiru Sunrise School,Public,Ruiru,Kiambu,Central,Kenya,Athi River,Machakos,Eastern,Kenya,T004,peter mwangi,M,Biology,Thika Town,Kiambu,Central,Kenya,SUB004,Biology,Term 1,FY2026,Cat 1,48,0.89,0,Yes,Day,11
EDU-0166,STU-1166,Herbert Cherono Koech,M,"Sunday, 22 August 2010","Friday, 24 March 2023",9,Grade 9A,SCH010,Lurambi Green School,Public,Lurambi,Kakamega,Western,Kenya,Mvita,Mombasa,Coast,Kenya,T004,peter mwangi,M,Biology,Thika Town,Kiambu,Central,Kenya,SUB004,Biology,Term 1,FY2026,Mid Term,83,0.88,0,Yes,Boarding,13
EDU-0168,STU-1168,Irene Wairimu Omondi,F,"Monday, 26 January 2015","Saturday, 4 May 2024",8,Grade 7A,SCH012,Naivasha Bright School,Public,Naivasha,Nakuru,Rift Valley,Kenya,Westlands,Nairobi,Nairobi,Kenya,T006,daniel otieno,M,B/Studies,Eldoret East,Uasin Gishu,Rift Valley,Kenya,SUB006,B/Studies,Term 1,FY2026,Practical,79,0.92,0,Yes,Hybrid,9
EDU-0170,STU-1170,Allan Jepchirchir Chege,M,"Sunday, 23 November 2014","Sunday, 2 October 2022",7,Grade 7A,SCH002,Ambakasi Hope Junior,Public,Embakasi East,Nairobi,Nairobi,Kenya,Kisauni,Mombasa,Coast,Kenya,T002,BRIAN KIPTOO,M,English,Ruiru,Kiambu,Central,Kenya,SUB002,English,Term 1,FY2026,Practical,0,0.81,15000,Yes,Boarding,8
EDU-0177,STU-1177,Lians Makena Kiplimo,M,"Thursday, 1 May 2014","Saturday, 9 December 2023",7,Grade 8B,SCH009,Eldoret Valley Academy,Private,Eldoret East,Uasin Gishu,Rift Valley,Kenya,Thika Town,Kiambu,Central,Kenya,T003,esther naliaka,F,Kiswahili,Kisumu East,Kisumu,Nyanza,Kenya,SUB003,Kiswahili,Term 1,FY2026,End Term,60,0.76,0,Yes,Day,10
EDU-0181,STU-1181,Peter Kariuki Abdi,M,"Friday, 9 April 2010","Monday, 14 March 2022",7,Grade 8A,SCH001,Garden Court Academy,Private,Westlands,Nairobi,Nairobi,Kenya,Thika Town,Kiambu,Central,Kenya,T001,AMINA WANJIRU,F,Mathematics,Westlands,Nairobi,Nairobi,Kenya,SUB001,Mathematics,Term 1,FY2026,Mid Term,33,0.98,2500,Yes,Boarding,12
EDU-0182,STU-1182,Irene Achieng Rono,F,"Wednesday, 21 September 2011","Tuesday, 20 June 2023",8,Grade 9A,SCH002,Ambakasi Hope Junior,Public,Embakasi East,Nairobi,Nairobi,Kenya,Eldoret East,Uasin Gishu,Rift Valley,Kenya,T002,BRIAN KIPTOO,M,English,Ruiru,Kiambu,Central,Kenya,SUB002,English,Term 1,FY2026,Cat 1,47,0.97,2500,Yes,Day,12
EDU-0185,STU-1185,Samuel Achieng Njoroge,F,"Monday, 10 May 2010","Saturday, 30 September 2023",9,Grade 9B,SCH005,Thika Digital Academy,Private,Thika Town,Kiambu,Central,Kenya,Mvita,Mombasa,Coast,Kenya,T005,fatuma ali,F,Comp/Studies,Mvita,Mombasa,Coast,Kenya,SUB005,Comp/Studies,Term 1,FY2026,Practical,106,0.82,7500,Yes,Hybrid,13
EDU-0196,STU-1196,Moses Njoroge Wambua,M,"Saturday, 27 October 2012","Tuesday, 21 February 2023",9,Grade 9B,SCH004,Ruiru Sunrise School,Public,Ruiru,Kiambu,Central,Kenya,Thika Town,Kiambu,Central,Kenya,T004,peter mwangi,M,Biology,Thika Town,Kiambu,Central,Kenya,SUB004,Biology,Term 1,FY2026,Project,79,0.88,10000,Yes,Hybrid,10
EDU-0200,STU-1200,Moureen Koech Wekesa,F,"Thursday, 28 April 2011","Saturday, 18 March 2023",7,Grade 9A,SCH008,Kisumu Lakeview School,Public,Kisumu East,Kisumu,Nyanza,Kenya,Thika Town,Kiambu,Central,Kenya,T002,BRIAN KIPTOO,M,English,Ruiru,Kiambu,Central,Kenya,SUB002,English,Term 1,FY2026,Project,98,0.76,1200,Yes,Boarding,12
EDU-0201,STU-1201,Caleb Kiplagat Abdi,F,"Thursday, 1 November 2012","Wednesday, 22 May 2024",8,Grade 9A,SCH009,Eldoret Valley Academy,Private,Eldoret East,Uasin Gishu,Rift Valley,Kenya,Kisumu East,Kisumu,Nyanza,Kenya,T003,esther naliaka,F,Kiswahili,Kisumu East,Kisumu,Nyanza,Kenya,SUB003,Kiswahili,Term 1,FY2026,Cat 1,25,0.7,1200,Yes,Day,12
EDU-0203,STU-1203,Doreen Jepchirchir Lagat,M,"Tuesday, 4 January 2011","Thursday, 22 June 2023",7,Grade 8B,SCH011,Athi River Stem School,Private,Athi River,Machakos,Eastern,Kenya,Langata,Nairobi,Nairobi,Kenya,T005,fatuma ali,F,Comp/Studies,Mvita,Mombasa,Coast,Kenya,SUB005,Comp/Studies,Term 1,FY2026,Mid Term,56,0.82,0,Yes,Day,12
EDU-0210,STU-1210,Nelly Wanjiru Maiyo,M,"Sunday, 16 December 2012","Tuesday, 9 May 2023",7,Grade 9B,SCH006,Mvita Coast School,Public,Mvita,Mombasa,Coast,Kenya,Westlands,Nairobi,Nairobi,Kenya,T006,daniel otieno,M,B/Studies,Eldoret East,Uasin Gishu,Rift Valley,Kenya,SUB006,B/Studies,Term 1,FY2026,Mid Term,66,0.82,5000,Yes,Boarding,10
EDU-0213,STU-1213,Ann Nduta Musyoka,M,"Wednesday, 17 June 2015","Tuesday, 6 June 2023",8,Grade 7B,SCH009,Eldoret Valley Academy,Private,Eldoret East,Uasin Gishu,Rift Valley,Kenya,Lurambi,Kakamega,Western,Kenya,T003,esther naliaka,F,Kiswahili,Kisumu East,Kisumu,Nyanza,Kenya,SUB003,Kiswahili,Term 1,FY2026,Cat 1,36,0.76,0,Yes,Day,8
EDU-0216,STU-1216,Caleb Mburu Ochieng,F,"Monday, 27 April 2015","Thursday, 26 January 2023",9,Grade 8A,SCH012,Naivasha Bright School,Public,Naivasha,Nakuru,Rift Valley,Kenya,Kisauni,Mombasa,Coast,Kenya,T006,daniel otieno,M,B/Studies,Eldoret East,Uasin Gishu,Rift Valley,Kenya,SUB006,B/Studies,Term 1,FY2026,Practical,72,0.76,5000,Yes,Boarding,8
EDU-0231,STU-1231,Allan Chebet Mohamed,F,"Tuesday, 1 March 2011","Tuesday, 7 November 2023",7,Grade 7B,SCH003,Langata Plains School,Private,Langata,Nairobi,Nairobi,Kenya,Kisauni,Mombasa,Coast,Kenya,T003,esther naliaka,F,Kiswahili,Kisumu East,Kisumu,Nyanza,Kenya,SUB003,Kiswahili,Term 1,FY2026,End Term,75,0.84,10000,Yes,Day,13
EDU-0232,STU-1232,Daniel Mburu Kimutai,F,"Friday, 11 November 2011","Thursday, 30 June 2022",8,Grade 8B,SCH004,Ruiru Sunrise School,Public,Ruiru,Kiambu,Central,Kenya,Lurambi,Kakamega,Western,Kenya,T004,peter mwangi,M,Biology,Thika Town,Kiambu,Central,Kenya,SUB004,Biology,Term 1,FY2026,End Term,56,0.64,7500,Yes,Day,11
EDU-0238,STU-1238,Naomi Muthoni Mogere,F,"Thursday, 19 August 2010","Monday, 14 February 2022",9,Grade 8A,SCH010,Lurambi Green School,Public,Lurambi,Kakamega,Western,Kenya,Thika Town,Kiambu,Central,Kenya,T004,peter mwangi,M,Biology,Thika Town,Kiambu,Central,Kenya,SUB004,Biology,Term 1,FY2026,Project,0,0.83,10000,Yes,Hybrid,11
EDU-0242,STU-1242,Agnes Nyambura Kiplimo,M,"Friday, 15 April 2011","Thursday, 7 December 2023",7,Grade 7A,SCH002,Ambakasi Hope Junior,Public,Embakasi East,Nairobi,Nairobi,Kenya,Thika Town,Kiambu,Central,Kenya,T002,BRIAN KIPTOO,M,English,Ruiru,Kiambu,Central,Kenya,SUB002,English,Term 1,FY2026,Mid Term,87,0.66,0,Yes,Boarding,13
EDU-0245,STU-1245,Daniel Kiptoo Njeri,M,"Sunday, 22 September 2013","Monday, 22 July 2024",7,Grade 8B,SCH005,Thika Digital Academy,Private,Thika Town,Kiambu,Central,Kenya,Langata,Nairobi,Nairobi,Kenya,T005,fatuma ali,F,Comp/Studies,Mvita,Mombasa,Coast,Kenya,SUB005,Comp/Studies,Term 1,FY2026,Project,29,0.87,7500,Yes,Hybrid,11
EDU-0246,STU-1246,Ivy Adhiambo Kamau,M,"Tuesday, 7 January 2014","Friday, 26 July 2024",7,Grade 9B,SCH006,Mvita Coast School,Public,Mvita,Mombasa,Coast,Kenya,Mvita,Mombasa,Coast,Kenya,T006,daniel otieno,M,B/Studies,Eldoret East,Uasin Gishu,Rift Valley,Kenya,SUB006,B/Studies,Term 1,FY2026,Project,4,0.63,2500,Yes,Day,11
EDU-0247,STU-1247,Wycliffe Njoroge Kiprono,M,"Thursday, 29 September 2011","Friday, 5 July 2024",7,Grade 9B,SCH007,Kisauni Future School,Private,Kisauni,Mombasa,Coast,Kenya,Eldoret East,Uasin Gishu,Rift Valley,Kenya,T001,AMINA WANJIRU,F,Mathematics,Westlands,Nairobi,Nairobi,Kenya,SUB001,Mathematics,Term 1,FY2026,Project,63,0.65,7500,Yes,Day,13
EDU-0249,STU-1249,Allan Maina Kilonzo,M,"Thursday, 12 January 2012","Friday, 6 October 2023",7,Grade 9A,SCH009,Eldoret Valley Academy,Private,Eldoret East,Uasin Gishu,Rift Valley,Kenya,Langata,Nairobi,Nairobi,Kenya,T003,esther naliaka,F,Kiswahili,Kisumu East,Kisumu,Nyanza,Kenya,SUB003,Kiswahili,Term 1,FY2026,Mid Term,54,0.76,0,Yes,Day,12
EDU-0258,STU-1258,Boniface Nduta Kituku,F,"Monday, 28 October 2013","Friday, 13 September 2024",8,Grade 8B,SCH006,Mvita Coast School,Public,Mvita,Mombasa,Coast,Kenya,Kisauni,Mombasa,Coast,Kenya,T006,daniel otieno,M,B/Studies,Eldoret East,Uasin Gishu,Rift Valley,Kenya,SUB006,B/Studies,Term 1,FY2026,Practical,27,0.8,2500,Yes,Boarding,11
EDU-0260,STU-1260,Sharon Muthoni Wario,F,"Sunday, 12 April 2015","Friday, 23 August 2024",8,Grade 8A,SCH008,Kisumu Lakeview School,Public,Kisumu East,Kisumu,Nyanza,Kenya,Embakasi East,Nairobi,Nairobi,Kenya,T002,BRIAN KIPTOO,M,English,Ruiru,Kiambu,Central,Kenya,SUB002,English,Term 1,FY2026,Mid Term,72,0.62,5000,Yes,Hybrid,9
EDU-0262,STU-1262,Boniface Mbugua Waweru,M,"Saturday, 12 September 2015","Thursday, 5 September 2024",9,Grade 7A,SCH010,Lurambi Green School,Public,Lurambi,Kakamega,Western,Kenya,Kisumu East,Kisumu,Nyanza,Kenya,T004,peter mwangi,M,Biology,Thika Town,Kiambu,Central,Kenya,SUB004,Biology,Term 1,FY2026,End Term,92,0.62,1200,Yes,Hybrid,9
EDU-0264,STU-1264,Felix Odhiambo Mburu,M,"Thursday, 12 June 2014","Sunday, 3 July 2022",9,Grade 9A,SCH012,Naivasha Bright School,Public,Naivasha,Nakuru,Rift Valley,Kenya,Embakasi East,Nairobi,Nairobi,Kenya,T006,daniel otieno,M,B/Studies,Eldoret East,Uasin Gishu,Rift Valley,Kenya,SUB006,B/Studies,Term 1,FY2026,Practical,28,0.93,10000,Yes,Boarding,8
EDU-0265,STU-1265,Hellen Makena Otieno,M,"Thursday, 19 August 2010","Sunday, 29 January 2023",8,Grade 9A,SCH001,Garden Court Academy,Private,Westlands,Nairobi,Nairobi,Kenya,Thika Town,Kiambu,Central,Kenya,T001,AMINA WANJIRU,F,Mathematics,Westlands,Nairobi,Nairobi,Kenya,SUB001,Mathematics,Term 1,FY2026,Cat 1,91,0.7,0,Yes,Boarding,12
EDU-0268,STU-1268,Zainab Chebet Mwakio,F,"Thursday, 1 November 2012","Monday, 13 June 2022",9,Grade 8B,SCH004,Ruiru Sunrise School,Public,Ruiru,Kiambu,Central,Kenya,Langata,Nairobi,Nairobi,Kenya,T004,peter mwangi,M,Biology,Thika Town,Kiambu,Central,Kenya,SUB004,Biology,Term 1,FY2026,Practical,79,0.91,10000,Yes,Day,10
EDU-0275,STU-1275,Sharon Achieng Nyongesa,M,"Wednesday, 8 January 2014","Friday, 22 April 2022",9,Grade 9A,SCH011,Athi River Stem School,Private,Athi River,Machakos,Eastern,Kenya,Westlands,Nairobi,Nairobi,Kenya,T005,fatuma ali,F,Comp/Studies,Mvita,Mombasa,Coast,Kenya,SUB005,Comp/Studies,Term 1,FY2026,Mid Term,41,0.92,0,Yes,Boarding,8
EDU-0278,STU-1278,George Akinyi Mutiso,F,"Thursday, 17 June 2010","Sunday, 4 June 2023",8,Grade 8A,SCH002,Ambakasi Hope Junior,Public,Embakasi East,Nairobi,Nairobi,Kenya,Lurambi,Kakamega,Western,Kenya,T002,BRIAN KIPTOO,M,English,Ruiru,Kiambu,Central,Kenya,SUB002,English,Term 1,FY2026,Project,64,0.55,0,Yes,Day,13
EDU-0285,STU-1285,Daisy Moraa Muli,M,"Wednesday, 11 May 2011","Wednesday, 2 February 2022",9,Grade 7A,SCH009,Eldoret Valley Academy,Private,Eldoret East,Uasin Gishu,Rift Valley,Kenya,Kisumu East,Kisumu,Nyanza,Kenya,T003,esther naliaka,F,Kiswahili,Kisumu East,Kisumu,Nyanza,Kenya,SUB003,Kiswahili,Term 1,FY2026,Cat 2,96,0.94,0,Yes,Day,11
EDU-0294,STU-1294,Rose Nyanchama Mwakio,M,"Wednesday, 18 July 2012","Saturday, 15 July 2023",7,Grade 8A,SCH006,Mvita Coast School,Public,Mvita,Mombasa,Coast,Kenya,Westlands,Nairobi,Nairobi,Kenya,T006,daniel otieno,M,B/Studies,Eldoret East,Uasin Gishu,Rift Valley,Kenya,SUB006,B/Studies,Term 1,FY2026,Cat 2,73,0.78,0,Yes,Hybrid,11
EDU-0307,STU-1307,Isaac Atieno Maalim,M,"Friday, 16 August 2013","Friday, 14 January 2022",7,Grade 8B,SCH007,Kisauni Future School,Private,Kisauni,Mombasa,Coast,Kenya,Thika Town,Kiambu,Central,Kenya,T001,AMINA WANJIRU,F,Mathematics,Westlands,Nairobi,Nairobi,Kenya,SUB001,Mathematics,Term 1,FY2026,Mid Term,68,0.92,2500,Yes,Day,8
EDU-0310,STU-1310,Dennis Odhiambo Njuguna,M,"Friday, 4 May 2012","Sunday, 14 April 2024",9,Grade 9B,SCH010,Lurambi Green School,Public,Lurambi,Kakamega,Western,Kenya,Langata,Nairobi,Nairobi,Kenya,T004,peter mwangi,M,Biology,Thika Town,Kiambu,Central,Kenya,SUB004,Biology,Term 1,FY2026,Practical,57,0.8,0,Yes,Day,12
EDU-0311,STU-1311,Victor Wekesa Kituku,M,"Monday, 12 September 2011","Sunday, 27 March 2022",7,Grade 7B,SCH011,Athi River Stem School,Private,Athi River,Machakos,Eastern,Kenya,Mvita,Mombasa,Coast,Kenya,T005,fatuma ali,F,Comp/Studies,Mvita,Mombasa,Coast,Kenya,SUB005,Comp/Studies,Term 1,FY2026,Practical,61,0.61,10000,Yes,Day,11
EDU-0315,STU-1315,Esther Akinyi Simiyu,M,"Wednesday, 7 November 2012","Friday, 24 June 2022",9,Grade 9B,SCH003,Langata Plains School,Private,Langata,Nairobi,Nairobi,Kenya,Kisauni,Mombasa,Coast,Kenya,T003,esther naliaka,F,Kiswahili,Kisumu East,Kisumu,Nyanza,Kenya,SUB003,Kiswahili,Term 1,FY2026,Practical,34,0.7,2500,Yes,Hybrid,10
EDU-0317,STU-1317,Millicent Kariuki Barasa,M,"Wednesday, 9 November 2011","Tuesday, 5 September 2023",9,Grade 8B,SCH005,Thika Digital Academy,Private,Thika Town,Kiambu,Central,Kenya,Westlands,Nairobi,Nairobi,Kenya,T005,fatuma ali,F,Comp/Studies,Mvita,Mombasa,Coast,Kenya,SUB005,Comp/Studies,Term 1,FY2026,Cat 1,38,0.55,0,Yes,Day,12
EDU-0321,STU-1321,Beatrice Wairimu Mutiso,M,"Thursday, 23 June 2011","Thursday, 22 August 2024",9,Grade 7A,SCH009,Eldoret Valley Academy,Private,Eldoret East,Uasin Gishu,Rift Valley,Kenya,Westlands,Nairobi,Nairobi,Kenya,T003,esther naliaka,F,Kiswahili,Kisumu East,Kisumu,Nyanza,Kenya,SUB003,Kiswahili,Term 1,FY2026,Practical,58,0.99,0,Yes,Boarding,13
EDU-0005,STU-1005,Oscar Koech Muthama,F,"Saturday, 4 February 2012","Monday, 11 April 2022",9,Grade 8A,SCH005,Thika Digital Academy,Private,Thika Town,Kiambu,Central,Kenya,Ruiru,Kiambu,Central,Kenya,T005,fatuma ali,F,Comp/Studies,Mvita,Mombasa,Coast,Kenya,SUB005,Comp/Studies,Term 1,FY2026,Project,47,0.9,10000,Partial,Day,10
EDU-0010,STU-1010,Hellen Achieng Kilonzo,F,"Sunday, 4 July 2010","Friday, 11 August 2023",7,Grade 8B,SCH010,Lurambi Green School,Public,Lurambi,Kakamega,Western,Kenya,Kisumu East,Kisumu,Nyanza,Kenya,T004,peter mwangi,M,Biology,Thika Town,Kiambu,Central,Kenya,SUB004,Biology,Term 1,FY2026,Mid Term,92,0.7,0,Partial,Boarding,13
EDU-0012,STU-1012,Grace Maina Njeri,M,"Sunday, 24 February 2013","Saturday, 4 February 2023",9,Grade 8B,SCH012,Naivasha Bright School,Public,Naivasha,Nakuru,Rift Valley,Kenya,Embakasi East,Nairobi,Nairobi,Kenya,T006,daniel otieno,M,B/Studies,Eldoret East,Uasin Gishu,Rift Valley,Kenya,SUB006,B/Studies,Term 1,FY2026,Practical,89,0.86,0,Partial,Hybrid,10
EDU-0014,STU-1014,Oscar Rotich Mutiso,M,"Sunday, 30 June 2013","Saturday, 26 February 2022",8,Grade 8A,SCH002,Ambakasi Hope Junior,Public,Embakasi East,Nairobi,Nairobi,Kenya,Eldoret East,Uasin Gishu,Rift Valley,Kenya,T002,BRIAN KIPTOO,M,English,Ruiru,Kiambu,Central,Kenya,SUB002,English,Term 1,FY2026,Practical,53,0.85,7500,Partial,Boarding,9
EDU-0017,STU-1017,Peter Omondi Njuguna,M,"Friday, 5 November 2010","Sunday, 10 September 2023",9,Grade 9A,SCH005,Thika Digital Academy,Private,Thika Town,Kiambu,Central,Kenya,Mvita,Mombasa,Coast,Kenya,T005,fatuma ali,F,Comp/Studies,Mvita,Mombasa,Coast,Kenya,SUB005,Comp/Studies,Term 1,FY2026,Mid Term,0,0.72,7500,Partial,Boarding,13
EDU-0020,STU-1020,Theo Mbugua Mogere,M,"Monday, 18 February 2013","Thursday, 4 April 2024",9,Grade 8A,SCH008,Kisumu Lakeview School,Public,Kisumu East,Kisumu,Nyanza,Kenya,Langata,Nairobi,Nairobi,Kenya,T002,BRIAN KIPTOO,M,English,Ruiru,Kiambu,Central,Kenya,SUB002,English,Term 1,FY2026,Cat 1,67,0.96,0,Partial,Hybrid,11
EDU-0028,STU-1028,Jemimah Kiplagat Bett,F,"Sunday, 8 May 2011","Wednesday, 14 September 2022",7,Grade 8A,SCH004,Ruiru Sunrise School,Public,Ruiru,Kiambu,Central,Kenya,Thika Town,Kiambu,Central,Kenya,T004,peter mwangi,M,Biology,Thika Town,Kiambu,Central,Kenya,SUB004,Biology,Term 1,FY2026,Cat 1,43,0.64,1200,Partial,Day,11
EDU-0033,STU-1033,Omar Chebet Lagat,M,"Thursday, 27 January 2011","Saturday, 23 March 2024",8,Grade 9A,SCH009,Eldoret Valley Academy,Private,Eldoret East,Uasin Gishu,Rift Valley,Kenya,Kisumu East,Kisumu,Nyanza,Kenya,T003,esther naliaka,F,Kiswahili,Kisumu East,Kisumu,Nyanza,Kenya,SUB003,Kiswahili,Term 1,FY2026,Cat 2,98,0.7,10000,Partial,Hybrid,13
EDU-0038,STU-1038,Irene Naliaka Nyongesa,M,"Monday, 20 September 2010","Friday, 20 September 2024",9,Grade 8A,SCH002,Ambakasi Hope Junior,Public,Embakasi East,Nairobi,Nairobi,Kenya,Naivasha,Nakuru,Rift Valley,Kenya,T002,BRIAN KIPTOO,M,English,Ruiru,Kiambu,Central,Kenya,SUB002,English,Term 1,FY2026,Cat 1,73,0.7,7500,Partial,Day,14
EDU-0040,STU-1040,Brian Kiptoo Kiplimo,M,"Tuesday, 15 March 2011","Monday, 16 September 2024",8,Grade 7B,SCH004,Ruiru Sunrise School,Public,Ruiru,Kiambu,Central,Kenya,Mvita,Mombasa,Coast,Kenya,T004,peter mwangi,M,Biology,Thika Town,Kiambu,Central,Kenya,SUB004,Biology,Term 1,FY2026,End Term,51,0.67,5000,Partial,Day,14
EDU-0041,STU-1041,John Barasa Were,F,"Saturday, 28 September 2013","Tuesday, 18 January 2022",8,Grade 8A,SCH005,Thika Digital Academy,Private,Thika Town,Kiambu,Central,Kenya,Eldoret East,Uasin Gishu,Rift Valley,Kenya,T005,fatuma ali,F,Comp/Studies,Mvita,Mombasa,Coast,Kenya,SUB005,Comp/Studies,Term 1,FY2026,Practical,4,0.94,5000,Partial,Day,8
EDU-0064,STU-1064,Ezra Mbugua Mwakio,F,"Sunday, 26 September 2010","Thursday, 5 January 2023",7,Grade 7B,SCH004,Ruiru Sunrise School,Public,Ruiru,Kiambu,Central,Kenya,Lurambi,Kakamega,Western,Kenya,T004,peter mwangi,M,Biology,Thika Town,Kiambu,Central,Kenya,SUB004,Biology,Term 1,FY2026,Project,67,0.85,15000,Partial,Hybrid,12
EDU-0067,STU-1067,Samuel Nyanchama Kiprotich,F,"Thursday, 1 November 2012","Tuesday, 28 February 2023",9,Grade 8A,SCH007,Kisauni Future School,Private,Kisauni,Mombasa,Coast,Kenya,Kisauni,Mombasa,Coast,Kenya,T001,AMINA WANJIRU,F,Mathematics,Westlands,Nairobi,Nairobi,Kenya,SUB001,Mathematics,Term 1,FY2026,End Term,57,0.91,7500,Partial,Boarding,10
EDU-0081,STU-1081,Allan Akinyi Simiyu,M,"Tuesday, 2 July 2013","Tuesday, 15 March 2022",8,Grade 9B,SCH009,Eldoret Valley Academy,Private,Eldoret East,Uasin Gishu,Rift Valley,Kenya,Langata,Nairobi,Nairobi,Kenya,T003,esther naliaka,F,Kiswahili,Kisumu East,Kisumu,Nyanza,Kenya,SUB003,Kiswahili,Term 1,FY2026,Practical,36,0.58,15000,Partial,Boarding,9
EDU-0088,STU-1088,Christine Kilonzo Bwire,F,"Saturday, 24 August 2013","Thursday, 21 July 2022",8,Grade 8B,SCH004,Ruiru Sunrise School,Public,Ruiru,Kiambu,Central,Kenya,Westlands,Nairobi,Nairobi,Kenya,T004,peter mwangi,M,Biology,Thika Town,Kiambu,Central,Kenya,SUB004,Biology,Term 1,FY2026,End Term,42,0.91,2500,Partial,Boarding,9
EDU-0102,STU-1102,Kelvin Atieno Ochieng,F,"Friday, 5 March 2010","Sunday, 27 November 2022",9,Grade 9B,SCH006,Mvita Coast School,Public,Mvita,Mombasa,Coast,Kenya,Eldoret East,Uasin Gishu,Rift Valley,Kenya,T006,daniel otieno,M,B/Studies,Eldoret East,Uasin Gishu,Rift Valley,Kenya,SUB006,B/Studies,Term 1,FY2026,Cat 1,0,0.56,15000,Partial,Boarding,13
EDU-0109,STU-1109,Irene Nduta Kariuki,F,"Thursday, 23 September 2010","Friday, 15 July 2022",9,Grade 9A,SCH001,Garden Court Academy,Private,Westlands,Nairobi,Nairobi,Kenya,Kisauni,Mombasa,Coast,Kenya,T001,AMINA WANJIRU,F,Mathematics,Westlands,Nairobi,Nairobi,Kenya,SUB001,Mathematics,Term 1,FY2026,Cat 1,39,0.67,0,Partial,Hybrid,12
EDU-0113,STU-1113,Lucy Odhiambo Barasa,M,"Friday, 12 December 2014","Friday, 19 January 2024",7,Grade 9A,SCH005,Thika Digital Academy,Private,Thika Town,Kiambu,Central,Kenya,Kisumu East,Kisumu,Nyanza,Kenya,T005,fatuma ali,F,Comp/Studies,Mvita,Mombasa,Coast,Kenya,SUB005,Comp/Studies,Term 1,FY2026,Practical,52,0.98,7500,Partial,Day,9
EDU-0140,STU-1140,Boniface Nyanchama Awino,F,"Thursday, 11 November 2010","Saturday, 6 April 2024",8,Grade 8B,SCH008,Kisumu Lakeview School,Public,Kisumu East,Kisumu,Nyanza,Kenya,Eldoret East,Uasin Gishu,Rift Valley,Kenya,T002,BRIAN KIPTOO,M,English,Ruiru,Kiambu,Central,Kenya,SUB002,English,Term 1,FY2026,End Term,42,0.9,15000,Partial,Day,13
EDU-0146,STU-1146,Bridgit Wairimu Abdi,M,"Monday, 3 June 2013","Sunday, 15 May 2022",7,Grade 7A,SCH002,Ambakasi Hope Junior,Public,Embakasi East,Nairobi,Nairobi,Kenya,Langata,Nairobi,Nairobi,Kenya,T002,BRIAN KIPTOO,M,English,Ruiru,Kiambu,Central,Kenya,SUB002,English,Term 1,FY2026,Cat 2,48,0.92,15000,Partial,Boarding,9
EDU-0150,STU-1150,Caleb Wanjala Cheruiyot,F,"Monday, 9 September 2013","Thursday, 27 June 2024",9,Grade 9B,SCH006,Mvita Coast School,Public,Mvita,Mombasa,Coast,Kenya,Ruiru,Kiambu,Central,Kenya,T006,daniel otieno,M,B/Studies,Eldoret East,Uasin Gishu,Rift Valley,Kenya,SUB006,B/Studies,Term 1,FY2026,Cat 2,70,0.63,10000,Partial,Day,11
EDU-0153,STU-1153,Lians Jepchirchir Rono,M,"Saturday, 24 December 2011","Saturday, 10 June 2023",9,Grade 8B,SCH009,Eldoret Valley Academy,Private,Eldoret East,Uasin Gishu,Rift Valley,Kenya,Westlands,Nairobi,Nairobi,Kenya,T003,esther naliaka,F,Kiswahili,Kisumu East,Kisumu,Nyanza,Kenya,SUB003,Kiswahili,Term 1,FY2026,Practical,0,0.77,10000,Partial,Boarding,11
EDU-0156,STU-1156,Caroline Njoki Chege,M,"Friday, 9 November 2012","Sunday, 25 February 2024",7,Grade 8A,SCH012,Naivasha Bright School,Public,Naivasha,Nakuru,Rift Valley,Kenya,Athi River,Machakos,Eastern,Kenya,T006,daniel otieno,M,B/Studies,Eldoret East,Uasin Gishu,Rift Valley,Kenya,SUB006,B/Studies,Term 1,FY2026,Project,96,0.83,1200,Partial,Hybrid,11
EDU-0157,STU-1157,Brian Njoki Muthama,F,"Wednesday, 31 August 2011","Sunday, 29 January 2023",7,Grade 7A,SCH001,Garden Court Academy,Private,Westlands,Nairobi,Nairobi,Kenya,Embakasi East,Nairobi,Nairobi,Kenya,T001,AMINA WANJIRU,F,Mathematics,Westlands,Nairobi,Nairobi,Kenya,SUB001,Mathematics,Term 1,FY2026,Cat 1,62,0.75,7500,Partial,Boarding,11
EDU-0164,STU-1164,Agnes Wanjiru Koech,F,"Sunday, 2 February 2014","Tuesday, 20 June 2023",9,Grade 8B,SCH008,Kisumu Lakeview School,Public,Kisumu East,Kisumu,Nyanza,Kenya,Naivasha,Nakuru,Rift Valley,Kenya,T002,BRIAN KIPTOO,M,English,Ruiru,Kiambu,Central,Kenya,SUB002,English,Term 1,FY2026,Cat 2,4,0.58,0,Partial,Day,9
EDU-0167,STU-1167,Dennis Odhiambo Mogere,F,"Sunday, 18 August 2013","Wednesday, 13 March 2024",8,Grade 7B,SCH011,Athi River Stem School,Private,Athi River,Machakos,Eastern,Kenya,Eldoret East,Uasin Gishu,Rift Valley,Kenya,T005,fatuma ali,F,Comp/Studies,Mvita,Mombasa,Coast,Kenya,SUB005,Comp/Studies,Term 1,FY2026,Practical,83,0.7,0,Partial,Hybrid,11
EDU-0175,STU-1175,Susan Akinyi Abdi,F,"Monday, 4 July 2011","Wednesday, 27 December 2023",9,Grade 9A,SCH007,Kisauni Future School,Private,Kisauni,Mombasa,Coast,Kenya,Athi River,Machakos,Eastern,Kenya,T001,AMINA WANJIRU,F,Mathematics,Westlands,Nairobi,Nairobi,Kenya,SUB001,Mathematics,Term 1,FY2026,Mid Term,87,0.57,10000,Partial,Boarding,12
EDU-0178,STU-1178,Jemimah Mbugua Kipsang,F,"Sunday, 25 November 2012","Thursday, 18 July 2024",7,Grade 8A,Unknown,Lurambi Green School,Public,Lurambi,Kakamega,Western,Kenya,Kisumu East,Kisumu,Nyanza,Kenya,T004,peter mwangi,M,Biology,Thika Town,Kiambu,Central,Kenya,SUB004,Biology,Term 1,FY2026,Mid Term,60,0.89,1200,Partial,Hybrid,12
EDU-0187,STU-1187,Grace Mutua Achieng,F,"Friday, 9 May 2014","Monday, 17 April 2023",7,Grade 7A,SCH007,Kisauni Future School,Private,Kisauni,Mombasa,Coast,Kenya,Naivasha,Nakuru,Rift Valley,Kenya,T001,AMINA WANJIRU,F,Mathematics,Westlands,Nairobi,Nairobi,Kenya,SUB001,Mathematics,Term 1,FY2026,Cat 1,0,0.57,7500,Partial,Day,9
EDU-0208,STU-1208,Pauline Cherono Omondi,F,"Tuesday, 21 October 2014","Friday, 2 June 2023",7,Grade 9A,SCH004,Ruiru Sunrise School,Public,Ruiru,Kiambu,Central,Kenya,Mvita,Mombasa,Coast,Kenya,T004,peter mwangi,M,Biology,Thika Town,Kiambu,Central,Kenya,SUB004,Biology,Term 1,FY2026,Cat 2,66,0.79,2500,Partial,Boarding,9
EDU-0221,STU-1221,Winnie Nduta Bett,F,"Tuesday, 14 April 2015","Wednesday, 25 January 2023",7,Grade 8B,SCH005,Thika Digital Academy,Private,Thika Town,Kiambu,Central,Kenya,Athi River,Machakos,Eastern,Kenya,T005,fatuma ali,F,Comp/Studies,Mvita,Mombasa,Coast,Kenya,SUB005,Comp/Studies,Term 1,FY2026,Cat 1,0,0.87,2500,Partial,Hybrid,8
EDU-0222,STU-1222,Zainab Mburu Kamau,F,"Monday, 23 April 2012","Tuesday, 17 May 2022",9,Grade 8A,SCH006,Mvita Coast School,Public,Mvita,Mombasa,Coast,Kenya,Embakasi East,Nairobi,Nairobi,Kenya,T006,daniel otieno,M,B/Studies,Eldoret East,Uasin Gishu,Rift Valley,Kenya,SUB006,B/Studies,Term 1,FY2026,Cat 1,106,0.98,7500,Partial,Day,10
EDU-0226,STU-1226,Rose Makena Mwangi,M,"Sunday, 13 January 2013","Tuesday, 1 March 2022",7,Grade 7B,SCH010,Lurambi Green School,Public,Lurambi,Kakamega,Western,Kenya,Langata,Nairobi,Nairobi,Kenya,T004,peter mwangi,M,Biology,Thika Town,Kiambu,Central,Kenya,SUB004,Biology,Term 1,FY2026,Practical,55,0.95,0,Partial,Day,9
EDU-0228,STU-1228,Purity Mburu Abdi,F,"Tuesday, 3 March 2015","Thursday, 1 December 2022",8,Grade 8B,SCH012,Naivasha Bright School,Public,Naivasha,Nakuru,Rift Valley,Kenya,Eldoret East,Uasin Gishu,Rift Valley,Kenya,T006,daniel otieno,M,B/Studies,Eldoret East,Uasin Gishu,Rift Valley,Kenya,SUB006,B/Studies,Term 1,FY2026,Cat 2,94,0.55,0,Partial,Boarding,8
EDU-0243,STU-1243,Millicent Jepchirchir Bwire,M,"Friday, 9 July 2010","Sunday, 8 January 2023",7,Grade 7B,SCH003,Langata Plains School,Private,Langata,Nairobi,Nairobi,Kenya,Kisumu East,Kisumu,Nyanza,Kenya,T003,esther naliaka,F,Kiswahili,Kisumu East,Kisumu,Nyanza,Kenya,SUB003,Kiswahili,Term 1,FY2026,Mid Term,88,0.82,10000,Partial,Boarding,13
EDU-0251,STU-1251,Patrick Mburu Wekesa,F,"Wednesday, 29 February 2012","Friday, 12 July 2024",8,Grade 7B,SCH011,Athi River Stem School,Private,Athi River,Machakos,Eastern,Kenya,Eldoret East,Uasin Gishu,Rift Valley,Kenya,T005,fatuma ali,F,Comp/Studies,Mvita,Mombasa,Coast,Kenya,SUB005,Comp/Studies,Term 1,FY2026,Cat 1,22,0.72,10000,Partial,Boarding,12
EDU-0261,STU-1261,Caroline Naliaka Korir,M,"Monday, 30 April 2012","Sunday, 3 April 2022",8,Grade 7B,SCH009,Eldoret Valley Academy,Private,Eldoret East,Uasin Gishu,Rift Valley,Kenya,Thika Town,Kiambu,Central,Kenya,T003,esther naliaka,F,Kiswahili,Kisumu East,Kisumu,Nyanza,Kenya,SUB003,Kiswahili,Term 1,FY2026,Mid Term,56,0.8,7500,Partial,Boarding,10
EDU-0267,STU-1267,Phyllis Kilonzo Hussein,M,"Monday, 19 April 2010","Saturday, 27 July 2024",7,Grade 7B,Unknown,Langata Plains School,Private,Langata,Nairobi,Nairobi,Kenya,Naivasha,Nakuru,Rift Valley,Kenya,T003,esther naliaka,F,Kiswahili,Kisumu East,Kisumu,Nyanza,Kenya,SUB003,Kiswahili,Term 1,FY2026,Practical,52,0.93,7500,Partial,Boarding,14
EDU-0276,STU-1276,Anthony Nduta Rono,M,"Tuesday, 24 July 2012","Friday, 29 April 2022",8,Grade 7B,SCH012,Naivasha Bright School,Public,Naivasha,Nakuru,Rift Valley,Kenya,Ruiru,Kiambu,Central,Kenya,T006,daniel otieno,M,B/Studies,Eldoret East,Uasin Gishu,Rift Valley,Kenya,SUB006,B/Studies,Term 1,FY2026,Mid Term,88,0.8,10000,Partial,Day,10
EDU-0277,STU-1277,Nelly Kiptoo Kiprotich,F,"Saturday, 20 March 2010","Saturday, 10 September 2022",8,Grade 8A,SCH001,Garden Court Academy,Private,Westlands,Nairobi,Nairobi,Kenya,Kisauni,Mombasa,Coast,Kenya,T001,AMINA WANJIRU,F,Mathematics,Westlands,Nairobi,Nairobi,Kenya,SUB001,Mathematics,Term 1,FY2026,Project,75,0.98,10000,Partial,Boarding,12
EDU-0280,STU-1280,Ezra Adhiambo Koech,F,"Sunday, 7 December 2014","Thursday, 30 June 2022",8,Grade 7A,SCH004,Ruiru Sunrise School,Public,Ruiru,Kiambu,Central,Kenya,Thika Town,Kiambu,Central,Kenya,T004,peter mwangi,M,Biology,Thika Town,Kiambu,Central,Kenya,SUB004,Biology,Term 1,FY2026,End Term,56,0.72,10000,Partial,Day,8
EDU-0286,STU-1286,John Chebet Bwire,F,"Thursday, 16 May 2013","Sunday, 1 May 2022",9,Grade 9A,SCH010,Lurambi Green School,Public,Lurambi,Kakamega,Western,Kenya,Athi River,Machakos,Eastern,Kenya,T004,peter mwangi,M,Biology,Thika Town,Kiambu,Central,Kenya,SUB004,Biology,Term 1,FY2026,End Term,53,0.82,0,Partial,Hybrid,9
EDU-0295,STU-1295,Mary Akinyi Mutai,F,"Wednesday, 8 April 2015","Tuesday, 11 April 2023",8,Grade 9A,SCH007,Kisauni Future School,Private,Kisauni,Mombasa,Coast,Kenya,Ruiru,Kiambu,Central,Kenya,T001,AMINA WANJIRU,F,Mathematics,Westlands,Nairobi,Nairobi,Kenya,SUB001,Mathematics,Term 1,FY2026,Cat 1,81,0.66,7500,Partial,Day,8
EDU-0305,STU-1305,Felix Mbugua Omondi,M,"Thursday, 1 November 2012","Monday, 3 April 2023",8,Grade 7B,SCH005,Thika Digital Academy,Private,Thika Town,Kiambu,Central,Kenya,Athi River,Machakos,Eastern,Kenya,T005,fatuma ali,F,Comp/Studies,Mvita,Mombasa,Coast,Kenya,SUB005,Comp/Studies,Term 1,FY2026,Project,89,0.77,0,Partial,Day,10
EDU-0313,STU-1313,Trixie Cherono Cheruiyot,F,"Thursday, 18 November 2010","Saturday, 9 March 2024",7,Grade 7A,SCH001,Garden Court Academy,Private,Westlands,Nairobi,Nairobi,Kenya,Naivasha,Nakuru,Rift Valley,Kenya,T001,AMINA WANJIRU,F,Mathematics,Westlands,Nairobi,Nairobi,Kenya,SUB001,Mathematics,Term 1,FY2026,Cat 2,25,0.83,7500,Partial,Boarding,13
EDU-0320,STU-1320,Lians Kilonzo Mwakio,F,"Saturday, 6 March 2010","Thursday, 23 March 2023",9,Grade 9A,SCH008,Kisumu Lakeview School,Public,Kisumu East,Kisumu,Nyanza,Kenya,Lurambi,Kakamega,Western,Kenya,T002,BRIAN KIPTOO,M,English,Ruiru,Kiambu,Central,Kenya,SUB002,English,Term 1,FY2026,Practical,87,0.66,5000,Partial,Boarding,13
EDU-0324,STU-1324,Boniface Rotich Mohamed,F,"Wednesday, 5 December 2012","Sunday, 21 May 2023",9,Grade 9B,SCH012,Naivasha Bright School,Public,Naivasha,Nakuru,Rift Valley,Kenya,Athi River,Machakos,Eastern,Kenya,T006,daniel otieno,M,B/Studies,Eldoret East,Uasin Gishu,Rift Valley,Kenya,SUB006,B/Studies,Term 1,FY2026,Cat 1,59,0.62,5000,Partial,Boarding,10
